,Unnamed: 0,Unnamed: 0.1,공급사,과세/면세,담기,매입가,상품명(기본),상품코드,재입고알림,제조사,카테고리,reg_카테고리,대분류,판매가,품절여부,후기
1,1,1,(주)니드코,과세,0,3080,"니드코]국산제품 정식쟁반,병원식판,분식점 돈까스쟁반 업소용 화이트 항균아트쟁반 5호",2181,사용안함,(주)니드코,"002 : 주방용품
002002 : 주방용품 > 주방용품
046 : 주방용품/소모품
046007 : 주방용품/소모품 > 주방용품
046007002 : 주방용품/소모품 > 주방용품 > 쟁반",소모품 주방용품 쟁반,주방용품,4950,정상,0
2,2,2,(주)니드코,과세,10,1120,"니드코]QueenRose 장미 밥공기그릇 /중국집,주방,식당,가정용 깨지지 않는 단단한 멜라민그릇",2180,사용함,(주)니드코,"002 : 주방용품
002002 : 주방용품 > 주방용품
046 : 주방용품/소모품
046007 : 주방용품/소모품 > 주방용품
046007004 : 주방용품/소모품 > 주방용품 > 식기",소모품 주방용품 식기,주방용품,1800,정상,0
3,3,3,(주)니드코,과세,0,5600,니드코 터치미 종이컵디스펜서(자석형) 종이컵보관함,2179,사용안함,(주)니드코,"002 : 주방용품
002002 : 주방용품 > 주방용품
046 : 주방용품/소모품
046010 : 주방용품/소모품 > 주방잡화
046010003 : 주방용품/소모품 > 주방잡화 > 기타",소모품 주방용품 주방잡화,주방용품,9000,정상,0
4,4,4,(주)니드코,과세,0,42000,니드코 뉴카멜리아 사각수저함(수저통),2178,사용안함,(주)니드코,"002 : 주방용품
002002 : 주방용품 > 주방용품
046 : 주방용품/소모품
046007 : 주방용품/소모품 > 주방용품
046007009 : 주방용품/소모품 > 주방용품 > 기타",소모품 주방용품,주방용품,65000,정상,0
5,5,5,(주)니드코,과세,1,560,니드코 뉴카멜리아 파스텔 프리미엄요지통(이쑤시개포함),2177,사용안함,(주)니드코,"002 : 주방용품
002002 : 주방용품 > 주방용품
046 : 주방용품/소모품
046010 : 주방용품/소모품 > 주방잡화
046010003 : 주방용품/소모품 > 주방잡화 > 기타",소모품 주방용품 주방잡화,주방용품,900,정상,0
7,7,7,패커스,과세,0,21000,미소크린 점보롤 140cm x 16롤 (박스상품),2175,사용안함,미소크린,"046 : 주방용품/소모품
046009 : 주방용품/소모품 > 일회용품
046009002 : 주방용품/소모품 > 일회용품 > 냅킨/물티슈",소모품 물티슈 냅킨 일회용품 주방용품,주방용품,23000,정상,0
8,8,8,패커스,과세,0,22500,미소크린 점보롤 180cm x 16롤 (박스상품),2174,사용안함,미소크린,"046 : 주방용품/소모품
046009 : 주방용품/소모품 > 일회용품
046009002 : 주방용품/소모품 > 일회용품 > 냅킨/물티슈",소모품 물티슈 냅킨 일회용품 주방용품,주방용품,24800,정상,0
9,9,9,패커스,과세,0,11000,미소크린 위생식탁보 90cm x 130xm 300매 (박스상품),2173,사용안함,미소크린,"046 : 주방용품/소모품
046009 : 주방용품/소모품 > 일회용품
046009002 : 주방용품/소모품 > 일회용품 > 냅킨/물티슈",소모품 물티슈 냅킨 일회용품 주방용품,주방용품,12100,정상,0
13,13,13,(주)니드코,과세,0,4200,니드코 뉴카멜리아 사각수저함(수저통),2169,사용안함,(주)니드코,"002 : 주방용품
002002 : 주방용품 > 주방용품
046 : 주방용품/소모품
046007 : 주방용품/소모품 > 주방용품
046007009 : 주방용품/소모품 > 주방용품 > 기타",소모품 주방용품,주방용품,6800,정상,0
14,14,14,(주)니드코,과세,0,2620,"니드코]QueenRose 장미 냉면 짬뽕그릇 /중국집,주방,식당,가정용 깨지지 않는 단단한 멜라민그릇",2168,사용함,(주)니드코,"002 : 주방용품
002002 : 주방용품 > 주방용품
046 : 주방용품/소모품
046007 : 주방용품/소모품 > 주방용품
046007004 : 주방용품/소모품 > 주방용품 > 식기",소모품 주방용품 식기,주방용품,4200,정상,0
15,15,15,(주)니드코,과세,0,6720,니드코 우드 다용도발판 소형 60x30x2.3 cm /국산,2167,사용안함,(주)니드코,"002 : 주방용품
002002 : 주방용품 > 주방용품
046 : 주방용품/소모품
046008 : 주방용품/소모품 > 생활용품
046008001 : 주방용품/소모품 > 생활용품 > 발판",발판 소모품 주방용품 생활용품,주방용품,11000,정상,0
16,16,16,(주)니드코,과세,0,1680,주방 업소용 원터치 자동 가스점화기K7,2165,사용안함,(주)니드코,"002 : 주방용품
002002 : 주방용품 > 주방용품
046 : 주방용품/소모품
046010 : 주방용품/소모품 > 주방잡화
046010002 : 주방용품/소모품 > 주방잡화 > 가스토치/점화기",소모품 점화기 가스토치 주방잡화 주방용품,주방용품,2700,정상,0
17,17,17,(주)니드코,과세,0,16800,주방용 가스버너 스파크 전자라이터 SK1-10개(색상섞임),2164,사용안함,(주)니드코,"002 : 주방용품
002002 : 주방용품 > 주방용품
046 : 주방용품/소모품
046010 : 주방용품/소모품 > 주방잡화
046010002 : 주방용품/소모품 > 주방잡화 > 가스토치/점화기",소모품 점화기 가스토치 주방잡화 주방용품,주방용품,25000,정상,0
18,18,18,(주)니드코,과세,0,1680,주방용 가스버너 스파크 전자라이터 SK1,2163,사용안함,(주)니드코,"002 : 주방용품
002002 : 주방용품 > 주방용품
046 : 주방용품/소모품
046010 : 주방용품/소모품 > 주방잡화
046010002 : 주방용품/소모품 > 주방잡화 > 가스토치/점화기",소모품 점화기 가스토치 주방잡화 주방용품,주방용품,2700,정상,0
19,19,19,(주)니드코,과세,0,8960,니드코 우드 다용도발판 중형 63.5x45.7x2.3 cm /국산,2162,사용안함,(주)니드코,"002 : 주방용품
002002 : 주방용품 > 주방용품
046 : 주방용품/소모품
046008 : 주방용품/소모품 > 생활용품
046008001 : 주방용품/소모품 > 생활용품 > 발판",발판 소모품 주방용품 생활용품,주방용품,14400,정상,0
20,20,20,(주)니드코,과세,0,12320,니드코 우드 다용도발판 대형 78.3x52.7x2.3 cm /국산,2161,사용안함,(주)니드코,"002 : 주방용품
002002 : 주방용품 > 주방용품
046 : 주방용품/소모품
046008 : 주방용품/소모품 > 생활용품
046008001 : 주방용품/소모품 > 생활용품 > 발판",발판 소모품 주방용품 생활용품,주방용품,19800,정상,0
21,21,21,(주)니드코,과세,0,2000,"니드코]로얄몬드 원형컵(블루) 10개이상시 적용가격 /주방,식당,카페,사무실용 깨지지않는 단단한 멜라민컵",2156,사용함,(주)니드코,"002 : 주방용품
002002 : 주방용품 > 주방용품
046 : 주방용품/소모품
046007 : 주방용품/소모품 > 주방용품
046007004 : 주방용품/소모품 > 주방용품 > 식기",소모품 주방용품 식기,주방용품,3200,정상,0
22,22,22,(주)니드코,과세,1,2000,"니드코]로얄몬드 원형컵(베이지) 10개이상시 적용가격 /주방,식당,카페,사무실용 깨지지않는 단단한 멜라민컵",2146,사용함,(주)니드코,"002 : 주방용품
002002 : 주방용품 > 주방용품
046 : 주방용품/소모품
046007 : 주방용품/소모품 > 주방용품
046007004 : 주방용품/소모품 > 주방용품 > 식기",소모품 주방용품 식기,주방용품,3200,정상,0
187,187,188,패커스,과세,0,18650,미소크린 핸드타올 90매*40밴드,1970,사용안함,미소크린,"046 : 주방용품/소모품
046009 : 주방용품/소모품 > 일회용품
046009002 : 주방용품/소모품 > 일회용품 > 냅킨/물티슈",소모품 물티슈 냅킨 일회용품 주방용품,주방용품,20900,정상,0
188,188,189,패커스,과세,0,10170,미소크린 테이블냅킨 74매*100밴드,1969,사용안함,미소크린,"046 : 주방용품/소모품
046009 : 주방용품/소모품 > 일회용품
046009002 : 주방용품/소모품 > 일회용품 > 냅킨/물티슈",소모품 물티슈 냅킨 일회용품 주방용품,주방용품,11400,정상,0
190,190,191,패커스,과세,0,6300,미소크린 테이블냅킨 74매*60밴드,1967,사용안함,미소크린,"046 : 주방용품/소모품
046009 : 주방용품/소모품 > 일회용품
046009002 : 주방용품/소모품 > 일회용품 > 냅킨/물티슈",소모품 물티슈 냅킨 일회용품 주방용품,주방용품,7500,정상,0
191,191,192,패커스,과세,0,10510,미소크린 고급덕용물티슈 100ea*4ea,1966,사용안함,미소크린,"046 : 주방용품/소모품
046009 : 주방용품/소모품 > 일회용품
046009002 : 주방용품/소모품 > 일회용품 > 냅킨/물티슈",소모품 물티슈 냅킨 일회용품 주방용품,주방용품,11800,정상,0
192,192,193,패커스,과세,0,9500,미소크린 고급위생물티슈 100매*4ea (200*220),1965,사용안함,미소크린,"046 : 주방용품/소모품
061 : vol.4 Catalogue
061012 : vol.4 Catalogue > 카달로그_12
046009 : 주방용품/소모품 > 일회용품
046009002 : 주방용품/소모품 > 일회용품 > 냅킨/물티슈",소모품 물티슈 냅킨 일회용품 주방용품,주방용품,13900,정상,0
193,193,194,패커스,과세,1,6350,미소크린 엠보싱위생물티슈 100매*4ea (200*200),1964,사용안함,미소크린,"046 : 주방용품/소모품
061 : vol.4 Catalogue
061012 : vol.4 Catalogue > 카달로그_12
046009 : 주방용품/소모품 > 일회용품
046009002 : 주방용품/소모품 > 일회용품 > 냅킨/물티슈",소모품 물티슈 냅킨 일회용품 주방용품,주방용품,9500,정상,0
481,481,483,패커스,과세,0,28500,미소크린 위생장갑 50매 50개 1박스,1654,사용함,미소크린,"046 : 주방용품/소모품
026 : NEW
026010 : NEW > 식자재
046009 : 주방용품/소모품 > 일회용품
046009003 : 주방용품/소모품 > 일회용품 > 비닐장갑",소모품 식자재 일회용품 비닐장갑 주방용품,주방용품,34100,정상,0
482,482,484,패커스,과세,1,92500,미소크린 위생장갑 200매 20개 1박스,1653,사용함,미소크린,"046 : 주방용품/소모품
026 : NEW
026010 : NEW > 식자재",식자재 소모품 주방용품,주방용품,104300,품절,0
484,484,486,패커스,과세,0,48000,미소크린 위생롤팩 500매(17cm x 25cm) 20개 1박스,1651,사용함,미소크린,"046 : 주방용품/소모품
046001 : 주방용품/소모품 > 비닐봉투
026 : NEW
026010 : NEW > 식자재",비닐봉투 식자재 소모품 주방용품,주방용품,49000,정상,0
485,485,487,패커스,과세,0,30000,미소크린 위생롤팩 500매(30cm x 39cm) 10개 1박스,1649,사용함,미소크린,"046 : 주방용품/소모품
046001 : 주방용품/소모품 > 비닐봉투
026 : NEW
026010 : NEW > 식자재
061 : vol.4 Catalogue
061012 : vol.4 Catalogue > 카달로그_12",비닐봉투 식자재 소모품 주방용품,주방용품,45500,정상,0
512,512,514,패커스,과세,0,46800,중찬랩 30cm x 500m 6개 1박스,1616,사용함,중찬명가,"046 : 주방용품/소모품
061 : vol.4 Catalogue
061013 : vol.4 Catalogue > 카달로그_13
046009 : 주방용품/소모품 > 일회용품
046009004 : 주방용품/소모품 > 일회용품 > 랩",소모품 주방용품 랩 일회용품,주방용품,59600,정상,0
513,513,515,패커스,과세,0,50400,중찬랩 15cm x 500m 12개 1박스,1615,사용함,중찬명가,"046 : 주방용품/소모품
061 : vol.4 Catalogue
061013 : vol.4 Catalogue > 카달로그_13
046009 : 주방용품/소모품 > 일회용품
046009004 : 주방용품/소모품 > 일회용품 > 랩",소모품 주방용품 랩 일회용품,주방용품,63600,정상,0
525,525,527,패커스,과세,7,24750,"175mm 패커스 수저 검정 1,500개 1박스(핑크 패커스)",1599,사용함,자체제작,"046 : 주방용품/소모품
061 : vol.4 Catalogue
061013 : vol.4 Catalogue > 카달로그_13
046009 : 주방용품/소모품 > 일회용품
046009001 : 주방용품/소모품 > 일회용품 > 스푼/포크/나이프",소모품 일회용품 나이프 주방용품 포크 스푼,주방용품,35000,정상,0
556,556,558,다이찌롱스토어,과세,0,17820,항아리단지 1호 10개(1BOX),1535,사용함,자체제작,"046 : 주방용품/소모품
046007 : 주방용품/소모품 > 주방용품
046007006 : 주방용품/소모품 > 주방용품 > 양념통세트",소모품 주방용품 양념통세트,주방용품,21000,정상,0
557,557,559,다이찌롱스토어,과세,0,16720,칠기식초간장병 대 10개(1BOX),1534,사용함,자체제작,"046 : 주방용품/소모품
046007 : 주방용품/소모품 > 주방용품
046007006 : 주방용품/소모품 > 주방용품 > 양념통세트",소모품 주방용품 양념통세트,주방용품,21000,정상,0
558,558,560,다이찌롱스토어,과세,0,28160,칠기식초간장병 소 20개(1BOX),1533,사용함,자체제작,"046 : 주방용품/소모품
046007 : 주방용품/소모품 > 주방용품
046007006 : 주방용품/소모품 > 주방용품 > 양념통세트",소모품 주방용품 양념통세트,주방용품,36000,정상,0
559,559,561,다이찌롱스토어,과세,0,28160,칠기미원병 소 20개(1BOX),1532,사용함,자체제작,"046 : 주방용품/소모품
046007 : 주방용품/소모품 > 주방용품
046007006 : 주방용품/소모품 > 주방용품 > 양념통세트",소모품 주방용품 양념통세트,주방용품,36000,정상,0
560,560,562,다이찌롱스토어,과세,0,16500,목향 웰빙양념병 5호 10개(1BOX),1531,사용함,자체제작,"046 : 주방용품/소모품
046007 : 주방용품/소모품 > 주방용품
046007006 : 주방용품/소모품 > 주방용품 > 양념통세트",소모품 주방용품 양념통세트,주방용품,20300,정상,0
561,561,563,다이찌롱스토어,과세,0,15180,목향 웰빙양념병 4호 10개(1BOX),1530,사용함,자체제작,"046 : 주방용품/소모품
046007 : 주방용품/소모품 > 주방용품
046007006 : 주방용품/소모품 > 주방용품 > 양념통세트",소모품 주방용품 양념통세트,주방용품,18800,정상,0
562,562,564,다이찌롱스토어,과세,0,14520,목향 웰빙양념병 3호 10개(1BOX),1529,사용함,자체제작,"046 : 주방용품/소모품
046007 : 주방용품/소모품 > 주방용품
046007006 : 주방용품/소모품 > 주방용품 > 양념통세트",소모품 주방용품 양념통세트,주방용품,18000,정상,1
563,563,565,다이찌롱스토어,과세,0,13860,목향 웰빙양념병 2호 10개(1BOX),1528,사용함,자체제작,"046 : 주방용품/소모품
046007 : 주방용품/소모품 > 주방용품
046007006 : 주방용품/소모품 > 주방용품 > 양념통세트",소모품 주방용품 양념통세트,주방용품,17300,정상,0
564,564,566,다이찌롱스토어,과세,0,13200,목향 웰빙양념병 1호 10개(1BOX),1527,사용함,자체제작,"046 : 주방용품/소모품
046007 : 주방용품/소모품 > 주방용품
046007006 : 주방용품/소모품 > 주방용품 > 양념통세트",소모품 주방용품 양념통세트,주방용품,16500,정상,0
565,565,567,다이찌롱스토어,과세,0,15840,목향(턴)식초간장병 대 10개(1BOX),1526,사용함,자체제작,"046 : 주방용품/소모품
046007 : 주방용품/소모품 > 주방용품
046007006 : 주방용품/소모품 > 주방용품 > 양념통세트",소모품 주방용품 양념통세트,주방용품,19500,정상,0
566,566,568,다이찌롱스토어,과세,0,15840,목향(턴)미원병 대 10개(1BOX),1525,사용함,자체제작,"046 : 주방용품/소모품
046007 : 주방용품/소모품 > 주방용품
046007006 : 주방용품/소모품 > 주방용품 > 양념통세트",소모품 주방용품 양념통세트,주방용품,19500,정상,0
567,567,569,다이찌롱스토어,과세,0,28160,목향(턴)미원병 소 20개(1BOX),1524,사용함,자체제작,"046 : 주방용품/소모품
046007 : 주방용품/소모품 > 주방용품
046007006 : 주방용품/소모품 > 주방용품 > 양념통세트",소모품 주방용품 양념통세트,주방용품,33000,정상,0
568,568,570,다이찌롱스토어,과세,0,18040,목향 양념단지 3호 10개(1BOX),1523,사용함,자체제작,"046 : 주방용품/소모품
046007 : 주방용품/소모품 > 주방용품
046007006 : 주방용품/소모품 > 주방용품 > 양념통세트",소모품 주방용품 양념통세트,주방용품,22500,정상,0
569,569,571,다이찌롱스토어,과세,0,14520,목향 양념단지 2호 10개(1BOX),1522,사용함,자체제작,"046 : 주방용품/소모품
046007 : 주방용품/소모품 > 주방용품
046007006 : 주방용품/소모품 > 주방용품 > 양념통세트",소모품 주방용품 양념통세트,주방용품,18000,정상,0
570,570,572,다이찌롱스토어,과세,0,12540,목향 양념단지 1호 10개(1BOX),1521,사용함,자체제작,"046 : 주방용품/소모품
046007 : 주방용품/소모품 > 주방용품
046007006 : 주방용품/소모품 > 주방용품 > 양념통세트",소모품 주방용품 양념통세트,주방용품,15800,정상,0
571,571,573,다이찌롱스토어,과세,0,19800,리빙셰프 목향 냅킨함 10개(1BOX),1517,사용함,자체제작,"046 : 주방용품/소모품
061 : vol.4 Catalogue
061013 : vol.4 Catalogue > 카달로그_13",소모품 주방용품,주방용품,35000,정상,0
572,572,574,다이찌롱스토어,과세,0,15950,캡유소스병 특대 10개(1BOX),1516,사용함,자체제작,"046 : 주방용품/소모품
046007 : 주방용품/소모품 > 주방용품
046007006 : 주방용품/소모품 > 주방용품 > 양념통세트",소모품 주방용품 양념통세트,주방용품,26700,정상,0
573,573,575,다이찌롱스토어,과세,1,13200,캡유소스병 대 10개(1BOX),1515,사용함,자체제작,"046 : 주방용품/소모품
046007 : 주방용품/소모품 > 주방용품
046007006 : 주방용품/소모품 > 주방용품 > 양념통세트",소모품 주방용품 양념통세트,주방용품,22800,정상,0
574,574,576,다이찌롱스토어,과세,0,10560,캡유소스병 소 10개(1BOX),1514,사용함,자체제작,"046 : 주방용품/소모품
046007 : 주방용품/소모품 > 주방용품
046007006 : 주방용품/소모품 > 주방용품 > 양념통세트",소모품 주방용품 양념통세트,주방용품,18900,정상,0
575,575,577,다이찌롱스토어,과세,0,11440,잘라쓰는소스병 별품 10개(1BOX),1513,사용함,자체제작,"046 : 주방용품/소모품
046007 : 주방용품/소모품 > 주방용품
046007006 : 주방용품/소모품 > 주방용품 > 양념통세트",소모품 주방용품 양념통세트,주방용품,19000,정상,0
576,576,578,다이찌롱스토어,과세,0,9680,잘라쓰는소스병 특대 10개(1BOX),1512,사용함,자체제작,"046 : 주방용품/소모품
046007 : 주방용품/소모품 > 주방용품
046007006 : 주방용품/소모품 > 주방용품 > 양념통세트",소모품 주방용품 양념통세트,주방용품,17500,정상,0
577,577,579,다이찌롱스토어,과세,0,8360,잘라쓰는소스병 대 10개(1BOX),1511,사용함,자체제작,"046 : 주방용품/소모품
046007 : 주방용품/소모품 > 주방용품
046007006 : 주방용품/소모품 > 주방용품 > 양념통세트",소모품 주방용품 양념통세트,주방용품,16400,정상,0
578,578,580,다이찌롱스토어,과세,0,6600,잘라쓰는소스병 중 10개(1BOX),1510,사용함,자체제작,"046 : 주방용품/소모품
046007 : 주방용품/소모품 > 주방용품
046007006 : 주방용품/소모품 > 주방용품 > 양념통세트",소모품 주방용품 양념통세트,주방용품,14000,정상,1
579,579,581,다이찌롱스토어,과세,0,4840,잘라쓰는소스병 소 10개(1BOX),1509,사용함,자체제작,"046 : 주방용품/소모품
046007 : 주방용품/소모품 > 주방용품
046007006 : 주방용품/소모품 > 주방용품 > 양념통세트",소모품 주방용품 양념통세트,주방용품,12600,정상,0
580,580,582,다이찌롱스토어,과세,0,20240,위생초장병 특대 10개(1BOX),1508,사용함,자체제작,"046 : 주방용품/소모품
046007 : 주방용품/소모품 > 주방용품
046007006 : 주방용품/소모품 > 주방용품 > 양념통세트",소모품 주방용품 양념통세트,주방용품,36100,정상,0
581,581,583,다이찌롱스토어,과세,0,18480,위생초장병 대 10개(1BOX),1507,사용함,자체제작,"046 : 주방용품/소모품
046007 : 주방용품/소모품 > 주방용품
046007006 : 주방용품/소모품 > 주방용품 > 양념통세트",소모품 주방용품 양념통세트,주방용품,28400,정상,0
582,582,584,다이찌롱스토어,과세,0,16720,위생초장병 중 10개(1BOX),1506,사용함,자체제작,"046 : 주방용품/소모품
046007 : 주방용품/소모품 > 주방용품
046007006 : 주방용품/소모품 > 주방용품 > 양념통세트",소모품 주방용품 양념통세트,주방용품,26000,정상,0
583,583,585,다이찌롱스토어,과세,0,15840,웰빙 안새내 특대 10개(1BOX),1505,사용함,자체제작,"046 : 주방용품/소모품
046007 : 주방용품/소모품 > 주방용품
046007006 : 주방용품/소모품 > 주방용품 > 양념통세트",소모품 주방용품 양념통세트,주방용품,29400,정상,0
584,584,586,다이찌롱스토어,과세,0,14520,웰빙 안새내 대 10개(1BOX),1504,사용함,자체제작,"046 : 주방용품/소모품
046007 : 주방용품/소모품 > 주방용품
046007006 : 주방용품/소모품 > 주방용품 > 양념통세트",소모품 주방용품 양념통세트,주방용품,27100,정상,0
585,585,587,다이찌롱스토어,과세,0,13200,웰빙 안새내 소 10개(1BOX),1503,사용함,자체제작,"046 : 주방용품/소모품
046007 : 주방용품/소모품 > 주방용품
046007006 : 주방용품/소모품 > 주방용품 > 양념통세트",소모품 주방용품 양념통세트,주방용품,25400,정상,0
586,586,588,다이찌롱스토어,과세,0,12320,웰빙 안새내 소(겨자) 10개(1BOX),1502,사용함,자체제작,"046 : 주방용품/소모품
046007 : 주방용품/소모품 > 주방용품
046007006 : 주방용품/소모품 > 주방용품 > 양념통세트",소모품 주방용품 양념통세트,주방용품,27700,정상,0
587,587,589,다이찌롱스토어,과세,0,10120,안새내 양념병 특대 10개(1BOX),1501,사용함,자체제작,"046 : 주방용품/소모품
046007 : 주방용품/소모품 > 주방용품
046007006 : 주방용품/소모품 > 주방용품 > 양념통세트",소모품 주방용품 양념통세트,주방용품,19500,정상,0
588,588,590,다이찌롱스토어,과세,0,9240,안새내 양념병 대 10개(1BOX),1500,사용함,자체제작,"046 : 주방용품/소모품
046007 : 주방용품/소모품 > 주방용품
046007006 : 주방용품/소모품 > 주방용품 > 양념통세트",소모품 주방용품 양념통세트,주방용품,18500,정상,0
589,589,591,다이찌롱스토어,과세,0,7920,안새내 양념병 중 10개(1BOX),1499,사용함,자체제작,"046 : 주방용품/소모품
046007 : 주방용품/소모품 > 주방용품
046007006 : 주방용품/소모품 > 주방용품 > 양념통세트",소모품 주방용품 양념통세트,주방용품,16500,정상,0
590,590,592,다이찌롱스토어,과세,0,6600,안새내 양념병 소 10개(1BOX),1498,사용함,자체제작,"046 : 주방용품/소모품
046007 : 주방용품/소모품 > 주방용품
046007006 : 주방용품/소모품 > 주방용품 > 양념통세트",소모품 주방용품 양념통세트,주방용품,14500,정상,0
591,591,593,다이찌롱스토어,과세,0,14300,소프트양념병 특대 10개(1BOX),1497,사용함,자체제작,"046 : 주방용품/소모품
046007 : 주방용품/소모품 > 주방용품
046007006 : 주방용품/소모품 > 주방용품 > 양념통세트",소모품 주방용품 양념통세트,주방용품,23200,정상,0
592,592,594,다이찌롱스토어,과세,0,13200,소프트양념병 대 10개(1BOX),1496,사용함,자체제작,"046 : 주방용품/소모품
046007 : 주방용품/소모품 > 주방용품
046007006 : 주방용품/소모품 > 주방용품 > 양념통세트",소모품 주방용품 양념통세트,주방용품,21800,정상,0
593,593,595,다이찌롱스토어,과세,0,12320,소프트양념병 소 10개(1BOX),1495,사용함,자체제작,"046 : 주방용품/소모품
046007 : 주방용품/소모품 > 주방용품
046007006 : 주방용품/소모품 > 주방용품 > 양념통세트",소모품 주방용품 양념통세트,주방용품,20300,정상,0
595,595,597,다이찌롱스토어,과세,0,7920,세줄소스병 대 10개(1BOX),1481,사용함,자체제작,"046 : 주방용품/소모품
046007 : 주방용품/소모품 > 주방용품
046007006 : 주방용품/소모품 > 주방용품 > 양념통세트",소모품 주방용품 양념통세트,주방용품,14300,정상,0
596,596,598,다이찌롱스토어,과세,0,11000,세줄소스병 특대 10개(1BOX),1480,사용함,자체제작,"046 : 주방용품/소모품
046007 : 주방용품/소모품 > 주방용품
046007006 : 주방용품/소모품 > 주방용품 > 양념통세트",소모품 주방용품 양념통세트,주방용품,18500,정상,0
597,597,599,다이찌롱스토어,과세,0,12320,세줄소스병 왕대 10개(1BOX),1479,사용함,자체제작,"046 : 주방용품/소모품
046007 : 주방용품/소모품 > 주방용품
046007006 : 주방용품/소모품 > 주방용품 > 양념통세트",소모품 주방용품 양념통세트,주방용품,20200,정상,0
598,598,600,다이찌롱스토어,과세,0,7590,말랑소스병 소 10개(1BOX),1477,사용함,자체제작,"046 : 주방용품/소모품
046007 : 주방용품/소모품 > 주방용품
046007006 : 주방용품/소모품 > 주방용품 > 양념통세트",소모품 주방용품 양념통세트,주방용품,13800,정상,0
599,599,601,다이찌롱스토어,과세,0,8800,말랑소스병 중 10개(1BOX),1476,사용함,자체제작,"046 : 주방용품/소모품
046007 : 주방용품/소모품 > 주방용품
046007006 : 주방용품/소모품 > 주방용품 > 양념통세트",소모품 주방용품 양념통세트,주방용품,15500,정상,0
600,600,602,다이찌롱스토어,과세,0,10120,말랑소스병 대 10개(1BOX),1475,사용함,자체제작,"046 : 주방용품/소모품
046007 : 주방용품/소모품 > 주방용품
046007006 : 주방용품/소모품 > 주방용품 > 양념통세트",소모품 주방용품 양념통세트,주방용품,17300,정상,0
601,601,603,다이찌롱스토어,과세,0,12540,말랑소스병 특대 10개(1BOX),1474,사용함,자체제작,"046 : 주방용품/소모품
046007 : 주방용품/소모품 > 주방용품
046007006 : 주방용품/소모품 > 주방용품 > 양념통세트",소모품 주방용품 양념통세트,주방용품,20700,정상,0
602,602,604,다이찌롱스토어,과세,0,5720,리빙e케찹병 소 10개(1BOX),1473,사용함,자체제작,"046 : 주방용품/소모품
046007 : 주방용품/소모품 > 주방용품
046007006 : 주방용품/소모품 > 주방용품 > 양념통세트",소모품 주방용품 양념통세트,주방용품,14000,정상,0
603,603,605,다이찌롱스토어,과세,0,6160,리빙e케찹병 중 10개(1BOX),1472,사용함,자체제작,"046 : 주방용품/소모품
046007 : 주방용품/소모품 > 주방용품
046007006 : 주방용품/소모품 > 주방용품 > 양념통세트",소모품 주방용품 양념통세트,주방용품,15800,정상,0
604,604,606,다이찌롱스토어,과세,0,7480,리빙e케찹병 대 10개(1BOX),1471,사용함,자체제작,"046 : 주방용품/소모품
046007 : 주방용품/소모품 > 주방용품
046007006 : 주방용품/소모품 > 주방용품 > 양념통세트",소모품 주방용품 양념통세트,주방용품,17600,정상,0
605,605,607,다이찌롱스토어,과세,0,10560,리빙e케찹병 왕대 10개(1BOX),1469,사용함,자체제작,"046 : 주방용품/소모품
046007 : 주방용품/소모품 > 주방용품
046007006 : 주방용품/소모품 > 주방용품 > 양념통세트",소모품 주방용품 양념통세트,주방용품,22000,정상,0
606,606,608,다이찌롱스토어,과세,0,5280,리빙e겨자병 소 10개(1BOX),1468,사용함,자체제작,"046 : 주방용품/소모품
046007 : 주방용품/소모품 > 주방용품
046007006 : 주방용품/소모품 > 주방용품 > 양념통세트",소모품 주방용품 양념통세트,주방용품,11700,정상,0
607,607,609,다이찌롱스토어,과세,0,7480,리빙e겨자병 중 10개(1BOX),1467,사용함,자체제작,"046 : 주방용품/소모품
046007 : 주방용품/소모품 > 주방용품
046007006 : 주방용품/소모품 > 주방용품 > 양념통세트",소모품 주방용품 양념통세트,주방용품,15000,정상,0
608,608,610,다이찌롱스토어,과세,0,9680,리빙셰프 케찹병 특대 10개(1BOX),1466,사용함,자체제작,"046 : 주방용품/소모품
046007 : 주방용품/소모품 > 주방용품
046007006 : 주방용품/소모품 > 주방용품 > 양념통세트",소모품 주방용품 양념통세트,주방용품,18300,정상,0
609,609,611,다이찌롱스토어,과세,0,5280,누드 케찹병 소 10개(1BOX),1464,사용함,자체제작,"046 : 주방용품/소모품
046007 : 주방용품/소모품 > 주방용품
046007006 : 주방용품/소모품 > 주방용품 > 양념통세트",소모품 주방용품 양념통세트,주방용품,11700,정상,0
610,610,612,다이찌롱스토어,과세,1,7480,누드 케찹병 중 10개(1BOX),1463,사용함,자체제작,"046 : 주방용품/소모품
046007 : 주방용품/소모품 > 주방용품
046007006 : 주방용품/소모품 > 주방용품 > 양념통세트",소모품 주방용품 양념통세트,주방용품,15000,정상,0
611,611,613,다이찌롱스토어,과세,0,8800,누드 케찹병 대 10개(1BOX),1462,사용함,자체제작,"046 : 주방용품/소모품
046007 : 주방용품/소모품 > 주방용품
046007006 : 주방용품/소모품 > 주방용품 > 양념통세트",소모품 주방용품 양념통세트,주방용품,17000,정상,0
612,612,614,다이찌롱스토어,과세,0,9680,누드 케찹병 특대 10개(1BOX),1461,사용함,자체제작,"046 : 주방용품/소모품
046007 : 주방용품/소모품 > 주방용품
046007006 : 주방용품/소모품 > 주방용품 > 양념통세트",소모품 주방용품 양념통세트,주방용품,18300,정상,0
613,613,615,다이찌롱스토어,과세,0,12100,누드 케찹병 왕대 10개(1BOX),1460,사용함,자체제작,"046 : 주방용품/소모품
046007 : 주방용품/소모품 > 주방용품
046007006 : 주방용품/소모품 > 주방용품 > 양념통세트",소모품 주방용품 양념통세트,주방용품,21500,정상,0
614,614,616,다이찌롱스토어,과세,0,5280,누드겨자병 중 10개(1BOX),1459,사용함,자체제작,"046 : 주방용품/소모품
046007 : 주방용품/소모품 > 주방용품
046007006 : 주방용품/소모품 > 주방용품 > 양념통세트",소모품 주방용품 양념통세트,주방용품,13000,정상,0
689,689,692,패커스,과세,45,24750,"175mm 수저 투명 1,500개 맛있숟갈",1350,사용함,자체제작,"046 : 주방용품/소모품
061 : vol.4 Catalogue
061013 : vol.4 Catalogue > 카달로그_13
046009 : 주방용품/소모품 > 일회용품
046009001 : 주방용품/소모품 > 일회용품 > 스푼/포크/나이프",소모품 일회용품 나이프 주방용품 포크 스푼,주방용품,31500,정상,12
690,690,693,패커스,과세,6,27500,"비닐봉투 맛난거들었쪙 소 백색 1,000개",1343,사용함,자체제작,"046 : 주방용품/소모품
046001 : 주방용품/소모품 > 비닐봉투",비닐봉투 소모품 주방용품,주방용품,36600,정상,2
691,691,694,패커스,과세,9,34100,"비닐봉투 맛난거들었쪙 중 백색 1,000개",1342,사용함,자체제작,"046 : 주방용품/소모품
046001 : 주방용품/소모품 > 비닐봉투",비닐봉투 소모품 주방용품,주방용품,44700,정상,3
692,692,695,패커스,과세,10,40700,"비닐봉투 맛난거들었쪙 대 백색 1,000개",1341,사용함,자체제작,"046 : 주방용품/소모품
046001 : 주방용품/소모품 > 비닐봉투",비닐봉투 소모품 주방용품,주방용품,52600,정상,3
693,693,696,패커스,과세,2,52800,"비닐봉투 맛난거들었쪙 특대 백색 1,000개",1340,사용함,자체제작,"046 : 주방용품/소모품
046001 : 주방용품/소모품 > 비닐봉투",비닐봉투 소모품 주방용품,주방용품,67600,정상,3
694,694,697,패커스,과세,9,27500,"비닐봉투 배달중 소 백색 1,000개",1335,사용함,자체제작,"046 : 주방용품/소모품
046001 : 주방용품/소모품 > 비닐봉투",비닐봉투 소모품 주방용품,주방용품,36600,정상,1
695,695,698,패커스,과세,9,34100,"비닐봉투 배달중 중 백색 1,000개",1334,사용함,자체제작,"046 : 주방용품/소모품
046001 : 주방용품/소모품 > 비닐봉투",비닐봉투 소모품 주방용품,주방용품,44700,정상,3
696,696,699,패커스,과세,4,40700,"비닐봉투 배달중 대 백색 1,000개",1333,사용함,자체제작,"046 : 주방용품/소모품
046001 : 주방용품/소모품 > 비닐봉투",비닐봉투 소모품 주방용품,주방용품,52600,정상,1
697,697,700,패커스,과세,3,52800,"비닐봉투 배달중 특대 백색 1,000개",1332,사용함,자체제작,"046 : 주방용품/소모품
046001 : 주방용품/소모품 > 비닐봉투",비닐봉투 소모품 주방용품,주방용품,67600,정상,0
698,698,701,패커스,과세,8,23100,"비닐봉투 무지 소 백색 1,000개",1327,사용함,자체제작,"046 : 주방용품/소모품
046001 : 주방용품/소모품 > 비닐봉투",비닐봉투 소모품 주방용품,주방용품,31900,정상,3
699,699,702,패커스,과세,2,29700,"비닐봉투 무지 중 백색 1,000개",1326,사용함,자체제작,"046 : 주방용품/소모품
046001 : 주방용품/소모품 > 비닐봉투",비닐봉투 소모품 주방용품,주방용품,39740,품절,7
700,700,703,패커스,과세,5,36300,"비닐봉투 무지 대 백색 1,000개",1325,사용함,자체제작,"046 : 주방용품/소모품
046001 : 주방용품/소모품 > 비닐봉투",비닐봉투 소모품 주방용품,주방용품,48600,정상,4
701,701,704,패커스,과세,0,48400,"비닐봉투 무지 특대 백색 1,000개",1324,사용함,자체제작,"046 : 주방용품/소모품
046001 : 주방용품/소모품 > 비닐봉투",비닐봉투 소모품 주방용품,주방용품,63410,정상,2
716,716,719,패커스,과세,30,22510,"198mm (7치) 대나무젓가락 1,500개 끝내젓갈",1297,사용함,자체제작,"046 : 주방용품/소모품
061 : vol.4 Catalogue
061013 : vol.4 Catalogue > 카달로그_13
046009 : 주방용품/소모품 > 일회용품
046009001 : 주방용품/소모품 > 일회용품 > 스푼/포크/나이프",소모품 일회용품 나이프 주방용품 포크 스푼,주방용품,32220,정상,20
718,718,721,패커스,과세,9,24750,"175mm 수저 검정 1,500개 1박스",1283,사용함,자체제작,"046 : 주방용품/소모품
046009 : 주방용품/소모품 > 일회용품
046009001 : 주방용품/소모품 > 일회용품 > 스푼/포크/나이프",소모품 일회용품 나이프 주방용품 포크 스푼,주방용품,33000,정상,24
726,726,729,패커스,과세,8,5500,비닐봉투 배달중 소 백색 200개,1272,사용함,자체제작,"046 : 주방용품/소모품
046001 : 주방용품/소모품 > 비닐봉투
061 : vol.4 Catalogue
061013 : vol.4 Catalogue > 카달로그_13",비닐봉투 소모품 주방용품,주방용품,9360,정상,2
727,727,730,패커스,과세,12,6820,비닐봉투 배달중 중 백색 200개,1271,사용함,자체제작,"046 : 주방용품/소모품
046001 : 주방용품/소모품 > 비닐봉투
061 : vol.4 Catalogue
061013 : vol.4 Catalogue > 카달로그_13",비닐봉투 소모품 주방용품,주방용품,11010,정상,1
728,728,731,패커스,과세,29,8140,비닐봉투 배달중 대 백색 200개,1270,사용함,자체제작,"046 : 주방용품/소모품
046001 : 주방용품/소모품 > 비닐봉투
061 : vol.4 Catalogue
061013 : vol.4 Catalogue > 카달로그_13",비닐봉투 소모품 주방용품,주방용품,12750,정상,2
729,729,732,패커스,과세,5,5280,비닐봉투 배달중 특대 백색 100개,1269,사용함,자체제작,"046 : 주방용품/소모품
046001 : 주방용품/소모품 > 비닐봉투
061 : vol.4 Catalogue
061013 : vol.4 Catalogue > 카달로그_13",비닐봉투 소모품 주방용품,주방용품,9190,정상,1
730,730,733,패커스,과세,27,5500,비닐봉투 맛난거들었쪙 소 백색 200개,1268,사용함,자체제작,"046 : 주방용품/소모품
046001 : 주방용품/소모품 > 비닐봉투
061 : vol.4 Catalogue
061013 : vol.4 Catalogue > 카달로그_13",비닐봉투 소모품 주방용품,주방용품,9360,정상,10
731,731,734,패커스,과세,11,6820,비닐봉투 맛난거들었쪙 중 백색 200개,1267,사용함,자체제작,"046 : 주방용품/소모품
046001 : 주방용품/소모품 > 비닐봉투
061 : vol.4 Catalogue
061013 : vol.4 Catalogue > 카달로그_13",비닐봉투 소모품 주방용품,주방용품,11010,정상,19
732,732,735,패커스,과세,15,8140,비닐봉투 맛난거들었쪙 대 백색 200개,1266,사용함,자체제작,"046 : 주방용품/소모품
046001 : 주방용품/소모품 > 비닐봉투
061 : vol.4 Catalogue
061013 : vol.4 Catalogue > 카달로그_13",비닐봉투 소모품 주방용품,주방용품,12750,정상,4
733,733,736,패커스,과세,8,5280,비닐봉투 맛난거들었쪙 특대 백색 100개,1265,사용함,자체제작,"046 : 주방용품/소모품
046001 : 주방용품/소모품 > 비닐봉투
061 : vol.4 Catalogue
061013 : vol.4 Catalogue > 카달로그_13",비닐봉투 소모품 주방용품,주방용품,9190,정상,8
734,734,737,패커스,과세,0,107800,고무장갑 중 100켤레 1박스,1249,사용함,자체제작,"046 : 주방용품/소모품
046010 : 주방용품/소모품 > 주방잡화
046010003 : 주방용품/소모품 > 주방잡화 > 기타",소모품 주방용품 주방잡화,주방용품,156000,정상,0
735,735,738,패커스,과세,1,4950,독일칼라행주 3P 10개,1248,사용함,자체제작,"046 : 주방용품/소모품
046010 : 주방용품/소모품 > 주방잡화
046010003 : 주방용품/소모품 > 주방잡화 > 기타",소모품 주방용품 주방잡화,주방용품,8740,정상,0
761,761,764,패커스,과세,34,24750,"175mm 수저 백색 1,500개 맛있숟갈",1205,사용함,자체제작,"046 : 주방용품/소모품
061 : vol.4 Catalogue
061013 : vol.4 Catalogue > 카달로그_13
046009 : 주방용품/소모품 > 일회용품
046009001 : 주방용품/소모품 > 일회용품 > 스푼/포크/나이프",소모품 일회용품 나이프 주방용품 포크 스푼,주방용품,31500,정상,32
762,762,765,패커스,과세,9,4620,비닐봉투 무지 소 백색 200개,1204,사용함,자체제작,"046 : 주방용품/소모품
046001 : 주방용품/소모품 > 비닐봉투
061 : vol.4 Catalogue
061013 : vol.4 Catalogue > 카달로그_13",비닐봉투 소모품 주방용품,주방용품,8270,정상,0
763,763,766,패커스,과세,5,5940,비닐봉투 무지 중 백색 200개,1203,사용함,자체제작,"046 : 주방용품/소모품
046001 : 주방용품/소모품 > 비닐봉투
061 : vol.4 Catalogue
061013 : vol.4 Catalogue > 카달로그_13",비닐봉투 소모품 주방용품,주방용품,9810,품절,6
764,764,767,패커스,과세,9,7260,비닐봉투 무지 대 백색 200개,1202,사용함,자체제작,"046 : 주방용품/소모품
046001 : 주방용품/소모품 > 비닐봉투
061 : vol.4 Catalogue
061013 : vol.4 Catalogue > 카달로그_13",비닐봉투 소모품 주방용품,주방용품,11560,정상,2
765,765,768,패커스,과세,4,4840,비닐봉투 무지 특대 백색 100개,1201,사용함,자체제작,"046 : 주방용품/소모품
046001 : 주방용품/소모품 > 비닐봉투
061 : vol.4 Catalogue
061013 : vol.4 Catalogue > 카달로그_13",비닐봉투 소모품 주방용품,주방용품,8440,정상,1
808,808,811,패커스,과세,4,23100,"170mm 수저 백색 1,500개 1박스",1072,사용함,자체제작,"046 : 주방용품/소모품
046009 : 주방용품/소모품 > 일회용품
046009001 : 주방용품/소모품 > 일회용품 > 스푼/포크/나이프",소모품 일회용품 나이프 주방용품 포크 스푼,주방용품,31000,정상,11
817,817,820,패커스,과세,0,115500,쿠킹호일 50개 1박스,1024,사용함,자체제작,"046 : 주방용품/소모품
061 : vol.4 Catalogue
061013 : vol.4 Catalogue > 카달로그_13
046010 : 주방용품/소모품 > 주방잡화
046010003 : 주방용품/소모품 > 주방잡화 > 기타",소모품 주방용품 주방잡화,주방용품,150000,정상,0
818,818,821,다이찌롱스토어,과세,0,10780,고무장갑-중 (10켤레),1017,사용함,자체제작,"046 : 주방용품/소모품
046010 : 주방용품/소모품 > 주방잡화
046010003 : 주방용품/소모품 > 주방잡화 > 기타",소모품 주방용품 주방잡화,주방용품,18600,정상,0
850,850,853,패커스,과세,0,69300,쿠킹호일 30개 1박스,799,사용함,자체제작,"046 : 주방용품/소모품
061 : vol.4 Catalogue
061013 : vol.4 Catalogue > 카달로그_13
046010 : 주방용품/소모품 > 주방잡화
046010003 : 주방용품/소모품 > 주방잡화 > 기타",소모품 주방용품 주방잡화,주방용품,82500,정상,0
873,873,876,다이찌롱스토어,과세,0,1600,위생 장갑 100매 2개,589,사용함,자체제작,"046 : 주방용품/소모품
046009 : 주방용품/소모품 > 일회용품
046009003 : 주방용품/소모품 > 일회용품 > 비닐장갑",비닐장갑 소모품 주방용품 일회용품,주방용품,6400,정상,0
874,874,877,다이찌롱스토어,과세,0,1600,위생 장갑 50매 10개,585,사용함,자체제작,"046 : 주방용품/소모품
046009 : 주방용품/소모품 > 일회용품
046009003 : 주방용품/소모품 > 일회용품 > 비닐장갑",비닐장갑 소모품 주방용품 일회용품,주방용품,16500,정상,0
894,894,897,패커스,과세,4,48400,"PS 65mm 랩칼 백색,빨강 8,000개 1박스",483,사용함,자체제작,"046 : 주방용품/소모품
015 : 실링필름/랩칼
015003 : 실링필름/랩칼 > 랩칼
046009 : 주방용품/소모품 > 일회용품
046009001 : 주방용품/소모품 > 일회용품 > 스푼/포크/나이프
061 : vol.4 Catalogue
061012 : vol.4 Catalogue > 카달로그_12",소모품 랩칼 실링필름 일회용품 나이프 주방용품 포크 스푼,주방용품,77000,정상,0
895,895,898,패커스,과세,2,33000,"160mm 스포키 검정 1,500개 1박스",482,사용함,자체제작,"046 : 주방용품/소모품
046009 : 주방용품/소모품 > 일회용품
046009001 : 주방용품/소모품 > 일회용품 > 스푼/포크/나이프",소모품 일회용품 나이프 주방용품 포크 스푼,주방용품,45450,정상,0
912,912,915,다이찌롱스토어,과세,0,29040,업소용도마 특7호,424,사용함,자체제작,"046 : 주방용품/소모품
061 : vol.4 Catalogue
061013 : vol.4 Catalogue > 카달로그_13
046007 : 주방용품/소모품 > 주방용품
046007001 : 주방용품/소모품 > 주방용품 > 도마",도마 소모품 주방용품,주방용품,32000,정상,0
913,913,916,다이찌롱스토어,과세,0,63140,업소용도마 특대,423,사용함,자체제작,"046 : 주방용품/소모품
061 : vol.4 Catalogue
061013 : vol.4 Catalogue > 카달로그_13
046007 : 주방용품/소모품 > 주방용품
046007001 : 주방용품/소모품 > 주방용품 > 도마",도마 소모품 주방용품,주방용품,68000,정상,2
914,914,917,다이찌롱스토어,과세,0,33440,업소용도마 특6호,422,사용함,자체제작,"046 : 주방용품/소모품
061 : vol.4 Catalogue
061013 : vol.4 Catalogue > 카달로그_13
046007 : 주방용품/소모품 > 주방용품
046007001 : 주방용품/소모품 > 주방용품 > 도마",도마 소모품 주방용품,주방용품,35000,정상,0
915,915,918,다이찌롱스토어,과세,0,12980,업소용도마 특5호,421,사용함,자체제작,"046 : 주방용품/소모품
061 : vol.4 Catalogue
061013 : vol.4 Catalogue > 카달로그_13
046007 : 주방용품/소모품 > 주방용품
046007001 : 주방용품/소모품 > 주방용품 > 도마",도마 소모품 주방용품,주방용품,13000,정상,0
916,916,919,다이찌롱스토어,과세,0,13640,업소용도마 특4호,420,사용함,자체제작,"046 : 주방용품/소모품
061 : vol.4 Catalogue
061013 : vol.4 Catalogue > 카달로그_13
046007 : 주방용품/소모품 > 주방용품
046007001 : 주방용품/소모품 > 주방용품 > 도마",도마 소모품 주방용품,주방용품,14500,정상,0
917,917,920,다이찌롱스토어,과세,0,18260,업소용도마 특3호,419,사용함,자체제작,"046 : 주방용품/소모품
061 : vol.4 Catalogue
061013 : vol.4 Catalogue > 카달로그_13
046007 : 주방용품/소모품 > 주방용품
046007001 : 주방용품/소모품 > 주방용품 > 도마",도마 소모품 주방용품,주방용품,18300,정상,0
918,918,921,다이찌롱스토어,과세,0,15730,업소용도마 특2호,418,사용함,자체제작,"046 : 주방용품/소모품
061 : vol.4 Catalogue
061013 : vol.4 Catalogue > 카달로그_13
046007 : 주방용품/소모품 > 주방용품
046007001 : 주방용품/소모품 > 주방용품 > 도마",도마 소모품 주방용품,주방용품,16000,정상,0
919,919,922,다이찌롱스토어,과세,0,39820,업소용도마 특1호,417,사용함,자체제작,"046 : 주방용품/소모품
061 : vol.4 Catalogue
061013 : vol.4 Catalogue > 카달로그_13
046007 : 주방용품/소모품 > 주방용품
046007001 : 주방용품/소모품 > 주방용품 > 도마",도마 소모품 주방용품,주방용품,40000,정상,2
927,927,930,패커스,과세,0,6600,다회용 피크닉세트 8인용(56P),387,사용함,자체제작,"046 : 주방용품/소모품
046007 : 주방용품/소모품 > 주방용품
046007004 : 주방용품/소모품 > 주방용품 > 식기",소모품 주방용품 식기,주방용품,16500,정상,10
928,928,931,패커스,과세,0,4950,다회용 피크닉세트 4인용(28P),386,사용함,자체제작,"046 : 주방용품/소모품
046007 : 주방용품/소모품 > 주방용품
046007004 : 주방용품/소모품 > 주방용품 > 식기",소모품 주방용품 식기,주방용품,11500,정상,0
962,962,965,패커스,과세,0,38500,"168mm 나이프 백색 2,000 1박스(1매입)",164,사용함,자체제작,"046 : 주방용품/소모품
046009 : 주방용품/소모품 > 일회용품
046009001 : 주방용품/소모품 > 일회용품 > 스푼/포크/나이프",소모품 일회용품 나이프 주방용품 포크 스푼,주방용품,60500,정상,0
963,963,966,패커스,과세,0,38500,"168mm 나이프 검정 2,000개 1박스(1매입)",162,사용함,자체제작,"046 : 주방용품/소모품
046009 : 주방용품/소모품 > 일회용품
046009001 : 주방용품/소모품 > 일회용품 > 스푼/포크/나이프",소모품 일회용품 나이프 주방용품 포크 스푼,주방용품,60500,정상,0
964,964,967,패커스,과세,0,38500,"154mm 포크 백색 2,000개 1박스(개별포장)",160,사용함,자체제작,"046 : 주방용품/소모품
046009 : 주방용품/소모품 > 일회용품
046009001 : 주방용품/소모품 > 일회용품 > 스푼/포크/나이프",소모품 일회용품 나이프 주방용품 포크 스푼,주방용품,55300,정상,0
965,965,968,패커스,과세,0,38500,"154mm 포크 검정 2,000개 1박스(개별포장)",158,사용함,자체제작,"046 : 주방용품/소모품
046009 : 주방용품/소모품 > 일회용품
046009001 : 주방용품/소모품 > 일회용품 > 스푼/포크/나이프",소모품 일회용품 나이프 주방용품 포크 스푼,주방용품,55300,정상,0
966,966,969,패커스,과세,0,61600,"125mm 샐러드 포크 투명 4,000개 1박스",156,사용함,자체제작,"046 : 주방용품/소모품
046009 : 주방용품/소모품 > 일회용품
046009001 : 주방용품/소모품 > 일회용품 > 스푼/포크/나이프",소모품 일회용품 나이프 주방용품 포크 스푼,주방용품,89950,정상,0
967,967,970,패커스,과세,0,61600,"125mm 샐러드 포크 핑크 4,000개 1박스",154,사용함,자체제작,"046 : 주방용품/소모품
046009 : 주방용품/소모품 > 일회용품
046009001 : 주방용품/소모품 > 일회용품 > 스푼/포크/나이프",소모품 일회용품 나이프 주방용품 포크 스푼,주방용품,89950,정상,0
968,968,971,패커스,과세,0,61600,"125mm 샐러드 포크 검정 4,000개 1박스",152,사용함,자체제작,"046 : 주방용품/소모품
046009 : 주방용품/소모품 > 일회용품
046009001 : 주방용품/소모품 > 일회용품 > 스푼/포크/나이프",소모품 일회용품 나이프 주방용품 포크 스푼,주방용품,89950,정상,0
969,969,972,패커스,과세,0,121000,"95mm 세발 미니 포크 투명 10,000개 1박스",150,사용함,자체제작,"046 : 주방용품/소모품
046009 : 주방용품/소모품 > 일회용품
046009001 : 주방용품/소모품 > 일회용품 > 스푼/포크/나이프",소모품 일회용품 나이프 주방용품 포크 스푼,주방용품,158450,정상,0
970,970,973,패커스,과세,0,121000,"95mm 세발 미니 포크 핑크 10,000개 1박스",148,사용함,자체제작,"046 : 주방용품/소모품
046009 : 주방용품/소모품 > 일회용품
046009001 : 주방용품/소모품 > 일회용품 > 스푼/포크/나이프",소모품 일회용품 나이프 주방용품 포크 스푼,주방용품,158450,정상,0
971,971,974,패커스,과세,0,121000,"95mm 세발 미니 포크 검정 10,000개 1박스",146,사용함,자체제작,"046 : 주방용품/소모품
046009 : 주방용품/소모품 > 일회용품
046009001 : 주방용품/소모품 > 일회용품 > 스푼/포크/나이프",소모품 일회용품 나이프 주방용품 포크 스푼,주방용품,158450,정상,0
972,972,975,패커스,과세,3,33000,"170mm 다용도A수저 노랑 1,500개 1박스(개별포장)",144,사용함,자체제작,"046 : 주방용품/소모품
046009 : 주방용품/소모품 > 일회용품
046009001 : 주방용품/소모품 > 일회용품 > 스푼/포크/나이프",소모품 일회용품 나이프 주방용품 포크 스푼,주방용품,45110,정상,0
973,973,976,패커스,과세,0,33000,"170mm 다용도A수저 검정 1,500개 1박스",142,사용함,자체제작,"046 : 주방용품/소모품
046009 : 주방용품/소모품 > 일회용품
046009001 : 주방용품/소모품 > 일회용품 > 스푼/포크/나이프",소모품 일회용품 나이프 주방용품 포크 스푼,주방용품,45110,정상,18
974,974,977,패커스,과세,8,22280,"170mm 수저 투명 1,500개 1박스",140,사용함,자체제작,"046 : 주방용품/소모품
046009 : 주방용품/소모품 > 일회용품
046009001 : 주방용품/소모품 > 일회용품 > 스푼/포크/나이프",소모품 일회용품 나이프 주방용품 포크 스푼,주방용품,30000,정상,10
975,975,978,패커스,과세,0,33000,"150mm 빙수 스푼 백색 2,000개 1박스",138,사용함,자체제작,"046 : 주방용품/소모품
046009 : 주방용품/소모품 > 일회용품
046009001 : 주방용품/소모품 > 일회용품 > 스푼/포크/나이프",소모품 일회용품 나이프 주방용품 포크 스푼,주방용품,48920,정상,0
976,976,979,패커스,과세,0,33000,"150mm 빙수 스푼 검정 2,000개 1박스",134,사용함,자체제작,"046 : 주방용품/소모품
046009 : 주방용품/소모품 > 일회용품
046009001 : 주방용품/소모품 > 일회용품 > 스푼/포크/나이프",소모품 일회용품 나이프 주방용품 포크 스푼,주방용품,48920,정상,1
977,977,980,패커스,과세,0,52000,"125mm 아이스크림 스푼 대 핑크 4,000개 1박스(1매입)",126,사용함,자체제작,"046 : 주방용품/소모품
046009 : 주방용품/소모품 > 일회용품
046009001 : 주방용품/소모품 > 일회용품 > 스푼/포크/나이프",소모품 일회용품 나이프 주방용품 포크 스푼,주방용품,76200,정상,0
978,978,981,패커스,과세,1,100000,"90mm 아이스크림 스푼 소 투명 10,000개 1박스(1매입)",118,사용함,자체제작,"046 : 주방용품/소모품
046009 : 주방용품/소모품 > 일회용품
046009001 : 주방용품/소모품 > 일회용품 > 스푼/포크/나이프",소모품 일회용품 나이프 주방용품 포크 스푼,주방용품,130650,정상,0
979,979,982,패커스,과세,0,100000,"90mm 아이스크림 스푼 소 핑크 10,000개 1박스(1매입)",116,사용함,자체제작,"046 : 주방용품/소모품
046009 : 주방용품/소모품 > 일회용품
046009001 : 주방용품/소모품 > 일회용품 > 스푼/포크/나이프",소모품 일회용품 나이프 주방용품 포크 스푼,주방용품,130650,정상,0
980,980,983,패커스,과세,0,110000,"90mm 아이스크림 스푼 소 검정 10,000개 1박스(1매입)",114,사용함,자체제작,"046 : 주방용품/소모품
046009 : 주방용품/소모품 > 일회용품
046009001 : 주방용품/소모품 > 일회용품 > 스푼/포크/나이프",소모품 일회용품 나이프 주방용품 포크 스푼,주방용품,130650,정상,0
