Column1,공급사,과세/면세,담기,매입가,상품명(기본),수정후,상품코드,재입고알림,제조사,reg_카테고리,대분류,판매가,품절여부,후기,한식,중식,일식,양식,분식,카페
471,패커스,과세,0,112640,친환경 펄프용기 L014 400개(1세트),,1668,사용함,자체제작,샐러드 초밥 도시락용기 일식 양식 용기 펄프용기 직화용기 한식(분식) 중식,용기,148800,품절,0,,,,,,
472,패커스,과세,0,158400,친환경 펄프용기 T055 600개(1세트),,1667,사용함,자체제작,샐러드 초밥 도시락용기 일식 양식 용기 펄프용기 직화용기 한식(분식) 중식,용기,203600,품절,0,,,,,,
473,패커스,과세,0,167640,친환경 펄프용기 T056 600개(1세트),,1666,사용함,자체제작,샐러드 초밥 도시락용기 일식 양식 용기 펄프용기 직화용기 한식(분식) 중식,용기,215600,품절,0,,,,,,
474,패커스,과세,12,60500,친환경 일체형 펄프용기 B003 500개(1BOX),,1665,사용함,자체제작,샐러드 초밥 도시락용기 일식 양식 용기 펄프용기 직화용기 한식(분식) 중식,용기,77000,품절,1,,,,,,
475,패커스,과세,1,53900,친환경 일체형 펄프용기 B026 250개(1BOX),,1664,사용함,자체제작,샐러드 초밥 도시락용기 일식 양식 용기 펄프용기 직화용기 한식(분식) 중식,용기,69000,품절,1,,,,,,
477,패커스,과세,0,128040,친환경 펄프용기 L066 600개(1BOX),,1659,사용함,자체제작,샐러드 초밥 도시락용기 일식 양식 용기 펄프용기 직화용기 한식(분식) 중식,용기,170000,품절,0,,,,,,
478,패커스,과세,0,122760,친환경 펄프용기 L065 400개(1BOX),,1658,사용함,자체제작,샐러드 초밥 도시락용기 일식 양식 용기 펄프용기 직화용기 한식(분식) 중식,용기,161000,품절,0,,,,,,
518,패커스,과세,6,20900,2칸 285 타원접시 100개 1박스,,1606,사용함,자체제작,원형접시 면 탕 찜 요리접시 용기 중식 볶음밥용기,용기,29000,정상,0,,,,,,
519,패커스,과세,6,25300,330 타원접시 100개 1박스,,1605,사용함,자체제작,원형접시 탕 찜 요리접시 용기 중식,용기,45700,정상,2,,,,,,
520,패커스,과세,76,17600,275 타원접시 100개 1박스,,1604,사용함,자체제작,면 탕 요리접시 찜 용기 중식 볶음밥용기,용기,28900,정상,9,,,,,,
521,패커스,과세,18,34100,300 원형접시 100개 1박스,,1603,사용함,자체제작,원형접시 탕 찜 요리접시 용기 중식,용기,40500,정상,2,,,,,,
522,패커스,과세,27,29700,270 원형접시 100개 1박스,,1602,사용함,자체제작,원형접시 탕 찜 요리접시 용기 중식,용기,38300,정상,2,,,,,,
523,패커스,과세,36,33000,250 원형접시 200개 1박스,,1601,사용함,자체제작,원형접시 면 탕 찜 요리접시 용기 중식 볶음밥용기,용기,45000,정상,13,,,,,,
524,패커스,과세,28,26400,230 원형접시 200개 1박스,,1600,사용함,자체제작,원형접시 면 탕 찜 요리접시 용기 중식 볶음밥용기,용기,40000,정상,9,,,,,,
526,패커스,과세,1,30800,"반찬용기 J-32 2,000개(1BOX)",,1598,사용함,자체제작,반찬용기 떡 일식 양식 중식 용기 한식(분식),용기,46800,정상,0,,,,,,
527,패커스,과세,0,40500,"친환경 빨대 100% 생분해 3,000개(1BOX)",,1594,사용함,자체제작,베이커리 카페 친환경 용기 커피스틱 빨대,용기,59000,정상,0,,,,,,
528,패커스,과세,0,30800,"반찬용기 J-43 2,000개(1BOX)",,1582,사용함,자체제작,반찬용기 떡 일식 양식 중식 용기 한식(분식),용기,46800,정상,0,,,,,,
529,패커스,과세,0,26400,"반찬용기 J-30 1,500개(1BOX)",,1581,사용함,자체제작,반찬용기 떡 일식 양식 중식 용기 한식(분식),용기,41500,정상,0,,,,,,
530,패커스,과세,0,33000,"반찬용기 J-15 2,000개(1BOX)",,1580,사용함,자체제작,반찬용기 떡 일식 양식 중식 용기 한식(분식),용기,49600,정상,0,,,,,,
531,패커스,과세,0,19800,"떡용기 J-8 1,000개(1BOX)",,1579,사용함,자체제작,반찬용기 떡용기 떡 용기 한식(분식),용기,33000,정상,0,,,,,,
532,패커스,과세,1,26400,"떡용기 J-23 1,500개(1BOX)",,1578,사용함,자체제작,반찬용기 떡용기 떡 용기 한식(분식),용기,41500,정상,0,,,,,,
533,패커스,과세,0,22000,"떡용기 J-신3 1,000개(1BOX)",,1577,사용함,자체제작,반찬용기 떡용기 떡 용기 한식(분식),용기,36300,정상,0,,,,,,
534,패커스,과세,3,35200,무지 종이용기 850ml 500개(1BOX),,1575,사용함,자체제작,무지종이용기 분식용기 밥용기 국 일식 양식 중식 용기 한식(분식) 소스,용기,46000,정상,1,,,,,,
535,패커스,과세,1,39600,"무지 종이용기 1,000ml 500개(1BOX)",,1574,사용함,자체제작,무지종이용기 분식용기 밥용기 국 일식 양식 중식 용기 한식(분식) 소스,용기,50000,정상,0,,,,,,
536,패커스,과세,1,41580,"무지 종이용기 1,100ml 450개(1BOX)",,1573,사용함,자체제작,무지종이용기 분식용기 밥용기 국 일식 양식 중식 용기 한식(분식) 소스,용기,54000,정상,0,,,,,,
537,패커스,과세,0,40400,"무지 종이용기 1,350ml 300개(1BOX)",,1572,사용함,자체제작,무지종이용기 분식용기 밥용기 국 일식 양식 중식 용기 한식(분식) 소스,용기,57000,정상,0,,,,,,
538,패커스,과세,0,42380,"무지 종이용기 1,500ml 300개(1BOX)",,1571,사용함,자체제작,무지종이용기 분식용기 밥용기 국 일식 양식 중식 용기 한식(분식) 소스,용기,57000,정상,0,,,,,,
539,패커스,과세,0,104500,"친환경 일체형 펄프용기 B004 1,000개(1BOX)",,1570,사용함,자체제작,샐러드 초밥 도시락용기 일식 양식 용기 펄프용기 직화용기 한식(분식) 중식,용기,150000,품절,0,,,,,,
540,패커스,과세,1,57200,친환경 일체형 펄프용기 B001 500개(1BOX),,1569,사용함,자체제작,샐러드 초밥 도시락용기 일식 양식 용기 펄프용기 직화용기 한식(분식) 중식,용기,72000,품절,0,,,,,,
541,패커스,과세,6,85800,친환경 일체형 펄프용기 B030 500개(1BOX),,1568,사용함,자체제작,샐러드 초밥 도시락용기 일식 양식 용기 펄프용기 직화용기 한식(분식) 중식,용기,107000,품절,1,,,,,,
542,패커스,과세,2,40700,"친환경 펄프접시 P004 1,000개(1BOX)",,1567,사용함,자체제작,샐러드 초밥 도시락용기 일식 양식 용기 펄프용기 직화용기 한식(분식) 중식,용기,56300,품절,0,,,,,,
543,패커스,과세,0,57750,친환경 펄프접시 P005 500개(1BOX),,1566,사용함,자체제작,샐러드 초밥 도시락용기 일식 양식 용기 펄프용기 직화용기 한식(분식) 중식,용기,74000,품절,0,,,,,,
544,패커스,과세,1,41800,친환경 펄프접시 P006 500개(1BOX),,1565,사용함,자체제작,샐러드 초밥 도시락용기 일식 양식 용기 펄프용기 직화용기 한식(분식) 중식,용기,56500,품절,0,,,,,,
545,패커스,과세,1,60500,"친환경 펄프접시 P011 1,000개(1BOX)",,1564,사용함,자체제작,샐러드 초밥 도시락용기 일식 양식 용기 펄프용기 직화용기 한식(분식) 중식,용기,77000,품절,0,,,,,,
546,패커스,과세,1,51150,친환경 칸나눔 펄프용기 B002 500개(1BOX),,1563,사용함,자체제작,샐러드 초밥 도시락용기 일식 양식 용기 펄프용기 직화용기 한식(분식) 중식,용기,65800,품절,0,,,,,,
547,패커스,과세,0,51150,친환경 칸나눔 펄프용기 B031 250개(1BOX),,1562,사용함,자체제작,샐러드 초밥 도시락용기 일식 양식 용기 펄프용기 직화용기 한식(분식) 중식,용기,65800,품절,0,,,,,,
548,패커스,과세,0,63800,친환경 칸나눔 펄프용기 B032 250개(1BOX),,1561,사용함,자체제작,샐러드 초밥 도시락용기 일식 양식 용기 펄프용기 직화용기 한식(분식) 중식,용기,80500,품절,0,,,,,,
549,패커스,과세,1,28600,스티로폼 백색 18-1호 400개 1박스,,1545,사용함,자체제작,분식용기 농수산물 스트로폼용기 용기 한식(분식),용기,43000,정상,0,,,,,,
550,패커스,과세,1,19800,스티로폼 왕만두용기 대 600개 1박스,,1544,사용함,자체제작,분식용기 농수산물 스트로폼용기 용기 한식(분식),용기,31000,정상,0,,,,,,
551,패커스,과세,9,17160,스티로폼 왕만두 용기 600개 1박스,,1543,사용함,자체제작,분식용기 농수산물 스트로폼용기 용기 한식(분식),용기,27200,정상,0,,,,,,
552,패커스,과세,2,17160,스티로폼 위생 도시락용기 중 600개 1박스,,1542,사용함,자체제작,분식용기 농수산물 스트로폼용기 용기 한식(분식),용기,27200,정상,0,,,,,,
553,패커스,과세,2,48400,스티로폼 수산물접시 백색 77호 800개 1박스,,1541,사용함,자체제작,농수산물 용기 스트로폼용기,용기,81200,정상,0,,,,,,
554,패커스,과세,11,58300,"105파이 다용도컵 세트 5호 특대 400ml 블랙 PS 1,000개 1set(2박스)",,1540,사용함,자체제작,밥용기 국 반찬용기 떡 일식 양식 용기 중식 한식(분식) 소스,용기,78270,정상,3,,,,,,
555,패커스,과세,6,44000,"95파이 다용도컵 세트 4호 소 200ml 블랙 PS 1,000개 1set(2박스)",,1539,사용함,자체제작,밥용기 국 반찬용기 떡 일식 양식 용기 중식 한식(분식) 소스,용기,60720,정상,1,,,,,,
615,패커스,과세,1,52800,"스티로폼 수산물접시 흑색 27호 1,000개 1박스",,1458,사용함,자체제작,농수산물 용기 스트로폼용기,용기,69400,정상,0,,,,,,
616,패커스,과세,1,22550,스티로폼 수산물접시 흑색 18호 500개 1박스,,1457,사용함,자체제작,농수산물 용기 스트로폼용기,용기,33000,정상,0,,,,,,
617,패커스,과세,0,52800,스티로폼 수산물접시 흑색 58호 600개 1박스,,1456,사용함,자체제작,농수산물 용기 스트로폼용기,용기,79800,정상,0,,,,,,
618,패커스,과세,0,52800,"스티로폼 수산물접시 청그물 27호 1,000개 1박스",,1455,사용함,자체제작,농수산물 용기 스트로폼용기,용기,69400,정상,0,,,,,,
619,패커스,과세,0,45100,"스티로폼 수산물접시 청그물 18호 1,000개 1박스",,1454,사용함,자체제작,농수산물 용기 스트로폼용기,용기,61600,정상,0,,,,,,
620,패커스,과세,0,52800,스티로폼 수산물접시 청그물 58호 600개 1박스,,1453,사용함,자체제작,농수산물 용기 스트로폼용기,용기,79800,정상,0,,,,,,
621,패커스,과세,2,33090,유럽형 호프투명용기 500 188개 (1BOX),,1450,사용함,자체제작,쥬스 베이커리 더치커피용기 카페 용기 생수,용기,47800,정상,1,,,,,,
622,패커스,과세,0,18140,유럽형 호프투명용기 1000 97개 (1BOX),,1449,사용함,자체제작,쥬스 베이커리 더치커피용기 카페 용기 생수,용기,32000,정상,0,,,,,,
623,패커스,과세,0,15320,유럽형 호프투명용기 1500 63개 (1BOX),,1448,사용함,자체제작,쥬스 베이커리 더치커피용기 카페 용기 생수,용기,26700,정상,0,,,,,,
624,패커스,과세,0,19210,유럽형 갈색호프용기 1000 97개 (1BOX),,1447,사용함,자체제작,쥬스 베이커리 더치커피용기 카페 용기 생수,용기,32400,정상,2,,,,,,
625,패커스,과세,0,15940,유럽형 갈색 호프용기 1500 63개 (1BOX),,1446,사용함,자체제작,쥬스 베이커리 더치커피용기 카페 용기 생수,용기,27200,정상,0,,,,,,
626,패커스,과세,0,24830,호프 빗살 용기 1000 132개 (1BOX),,1445,사용함,자체제작,쥬스 베이커리 더치커피용기 카페 용기 생수,용기,39300,정상,0,,,,,,
627,패커스,과세,0,24830,호프 빗살 용기 1500 105개 (1BOX),,1444,사용함,자체제작,쥬스 베이커리 더치커피용기 카페 용기 생수,용기,37600,정상,0,,,,,,
628,패커스,과세,0,14790,생수1500 70개(1BOX),,1440,사용함,자체제작,쥬스 베이커리 더치커피용기 카페 용기 생수,용기,23800,정상,0,,,,,,
629,패커스,과세,0,12680,생수1800 60개(1BOX),,1439,사용함,자체제작,쥬스 베이커리 더치커피용기 카페 용기 생수,용기,21000,정상,0,,,,,,
630,패커스,과세,0,14990,생수2000 60개(1BOX),,1438,사용함,자체제작,쥬스 베이커리 더치커피용기 카페 용기 생수,용기,26000,정상,0,,,,,,
631,패커스,과세,3,22170,콩물식혜1800 65개 (1BOX),,1437,사용함,자체제작,쥬스 베이커리 더치커피용기 카페 용기 생수,용기,28200,정상,1,,,,,,
632,패커스,과세,1,24570,콩물식혜1500 77개 (1BOX),,1436,사용함,자체제작,쥬스 베이커리 더치커피용기 카페 용기 생수,용기,32300,품절,6,,,,,,
633,패커스,과세,0,26840,콩물식혜900 122개 (1BOX),,1435,사용함,자체제작,쥬스 베이커리 더치커피용기 카페 용기 생수,용기,41600,정상,0,,,,,,
634,패커스,과세,0,56100,실버400 204개 (1BOX),,1433,사용함,자체제작,쥬스 베이커리 더치커피용기 카페 용기 생수,용기,65000,정상,0,,,,,,
635,패커스,과세,0,51750,실버300 224개 (1BOX),,1432,사용함,자체제작,쥬스 베이커리 더치커피용기 카페 용기 생수,용기,69000,정상,0,,,,,,
636,패커스,과세,0,65840,실버250 315개 (1BOX),,1431,사용함,자체제작,쥬스 베이커리 더치커피용기 카페 용기 생수,용기,93000,정상,0,,,,,,
637,패커스,과세,0,79420,실버120 380개 (1BOX),,1429,사용함,자체제작,쥬스 베이커리 더치커피용기 카페 용기 생수,용기,104000,정상,0,,,,,,
638,패커스,과세,0,42240,실버100 256개 (1BOX),,1428,사용함,자체제작,쥬스 베이커리 더치커피용기 카페 용기 생수,용기,59000,정상,0,,,,,,
639,패커스,과세,0,42380,신형일자용기1000 120개 (1BOX),,1427,사용함,자체제작,쥬스 베이커리 더치커피용기 카페 용기 생수,용기,60000,정상,0,,,,,,
640,패커스,과세,0,34300,신형일자용기500 145개 (1BOX),,1426,사용함,자체제작,쥬스 베이커리 더치커피용기 카페 용기 생수,용기,56000,정상,0,,,,,,
641,패커스,과세,0,32400,N1000 원형 브릿지 95개 (1BOX),,1425,사용함,자체제작,쥬스 베이커리 더치커피용기 카페 용기 생수,용기,68500,정상,0,,,,,,
642,패커스,과세,0,37400,N500원형 브릿지 136개 (1BOX),,1424,사용함,자체제작,쥬스 베이커리 더치커피용기 카페 용기 생수,용기,70000,정상,0,,,,,,
643,패커스,과세,1,53900,우유 350 196개 (1BOX),,1423,사용함,자체제작,쥬스 베이커리 더치커피용기 카페 용기 생수,용기,67500,정상,0,,,,,,
644,패커스,과세,0,45700,우유 500 134개 (1BOX),,1422,사용함,자체제작,쥬스 베이커리 더치커피용기 카페 용기 생수,용기,54500,정상,0,,,,,,
645,패커스,과세,2,43650,우유 1000ml(1리터) 128개 (1BOX),,1421,사용함,자체제작,쥬스 베이커리 더치커피용기 카페 용기 생수,용기,64500,정상,0,,,,,,
646,패커스,과세,0,70840,신형볼 210 230개 (1BOX),,1420,사용함,자체제작,쥬스 베이커리 더치커피용기 카페 용기 생수,용기,105000,정상,0,,,,,,
647,패커스,과세,0,47880,케빈 750 136개 (1BOX),,1419,사용함,자체제작,쥬스 베이커리 더치커피용기 카페 용기 생수,용기,73500,정상,0,,,,,,
648,패커스,과세,0,58220,케빈 500 189개 (1BOX),,1418,사용함,자체제작,쥬스 베이커리 더치커피용기 카페 용기 생수,용기,82600,정상,0,,,,,,
649,패커스,과세,0,49500,케빈 250 180개 (1BOX),,1417,사용함,자체제작,쥬스 베이커리 더치커피용기 카페 용기 생수,용기,68000,정상,0,,,,,,
650,패커스,과세,0,62000,골드 500 172개 1set(2박스),,1416,사용함,자체제작,쥬스 베이커리 더치커피용기 카페 용기 생수,용기,83000,정상,0,,,,,,
651,패커스,과세,0,60020,골드 400 176개 1set(2박스),,1415,사용함,자체제작,쥬스 베이커리 더치커피용기 카페 용기 생수,용기,79000,정상,0,,,,,,
652,패커스,과세,0,60020,골드 350 176개 1set(2박스),,1414,사용함,자체제작,쥬스 베이커리 더치커피용기 카페 용기 생수,용기,79000,정상,0,,,,,,
653,패커스,과세,0,116160,골드 250 352개 1set(2박스),,1413,사용함,자체제작,쥬스 베이커리 더치커피용기 카페 용기 생수,용기,142500,정상,0,,,,,,
654,패커스,과세,1,36300,스티로폼 수산물접시 백색 58호 600개 1박스,,1407,사용함,자체제작,회접시 탕 농수산물 스트로폼용기 찜 일식 용기 면용기,용기,67000,정상,0,,,,,,
655,패커스,과세,0,52800,"스티로폼 고기접시 적그물 27호 1,000개 1박스",,1406,사용함,자체제작,회접시 탕 농수산물 스트로폼용기 찜 일식 용기 면용기,용기,69400,정상,0,,,,,,
656,패커스,과세,0,45100,"스티로폼 고기접시 적그물 18호 1,000개 1박스",,1405,사용함,자체제작,회접시 탕 농수산물 스트로폼용기 찜 일식 용기 면용기,용기,61600,정상,0,,,,,,
657,패커스,과세,0,52800,스티로폼 고기접시 적그물 58호 600개 1박스,,1404,사용함,자체제작,회접시 탕 농수산물 스트로폼용기 찜 일식 용기 면용기,용기,79800,정상,0,,,,,,
658,패커스,과세,0,52520,토마토 500 154개(1BOX),,1402,사용함,자체제작,쥬스 베이커리 더치커피용기 카페 용기 생수,용기,64000,정상,0,,,,,,
659,패커스,과세,0,51750,토마토 450 168개(1BOX),,1401,사용함,자체제작,쥬스 베이커리 더치커피용기 카페 용기 생수,용기,60700,정상,0,,,,,,
660,패커스,과세,2,54920,토마토 300 208개(1BOX),,1400,사용함,자체제작,쥬스 베이커리 더치커피용기 카페 용기 생수,용기,70400,정상,0,,,,,,
661,패커스,과세,0,66070,토마토 250 273개(1BOX),,1399,사용함,자체제작,쥬스 베이커리 더치커피용기 카페 용기 생수,용기,90300,정상,0,,,,,,
662,패커스,과세,0,82280,토마토 180 340개(1BOX),,1398,사용함,자체제작,쥬스 베이커리 더치커피용기 카페 용기 생수,용기,103800,정상,0,,,,,,
663,패커스,과세,0,42110,쥬스 500 132개(1BOX),,1397,사용함,자체제작,쥬스 베이커리 더치커피용기 카페 용기 생수,용기,52600,정상,0,,,,,,
664,패커스,과세,0,45150,쥬스 450 152개(1BOX),,1396,사용함,자체제작,쥬스 베이커리 더치커피용기 카페 용기 생수,용기,57800,정상,0,,,,,,
665,패커스,과세,0,68640,쥬스 210 312개(1BOX),,1395,사용함,자체제작,쥬스 베이커리 더치커피용기 카페 용기 생수,용기,89800,정상,0,,,,,,
666,패커스,과세,0,94600,쥬스 150 430개(1BOX),,1394,사용함,자체제작,쥬스 베이커리 더치커피용기 카페 용기 생수,용기,122200,정상,0,,,,,,
670,패커스,과세,3,22110,회접시 타원 330 볼록 소 300개 1박스,,1385,사용함,자체제작,회접시 탕 농수산물 스트로폼용기 찜 일식 용기 면용기,용기,37200,정상,0,,,,,,
671,패커스,과세,3,18040,회접시 타원 380 볼록 대 200개 1박스,,1384,사용함,자체제작,회접시 탕 농수산물 스트로폼용기 찜 일식 용기 면용기,용기,30600,정상,0,,,,,,
672,패커스,과세,0,22110,회접시 타원 330 민자 소 300개 1박스,,1383,사용함,자체제작,회접시 탕 농수산물 스트로폼용기 찜 일식 용기 면용기,용기,37200,정상,0,,,,,,
673,패커스,과세,1,18040,회접시 타원 380 민자 대 200개 1박스,,1382,사용함,자체제작,회접시 탕 농수산물 스트로폼용기 찜 일식 용기 면용기,용기,30600,정상,0,,,,,,
674,패커스,과세,1,17050,회접시 붕어 소 250개 1박스,,1381,사용함,자체제작,회접시 탕 농수산물 스트로폼용기 찜 일식 용기 면용기,용기,24500,정상,1,,,,,,
675,패커스,과세,4,12320,회접시 붕어 대 100개 1박스,,1380,사용함,자체제작,회접시 탕 농수산물 스트로폼용기 찜 일식 용기 면용기,용기,17500,정상,1,,,,,,
676,패커스,과세,0,50600,고강도 감자탕용기 특대 100개 1set(2박스),,1377,사용함,자체제작,회접시 탕 탕용기 죽 찜 일식 양식 용기 한식(분식) 면용기,용기,75000,정상,0,,,,,,
677,패커스,과세,26,56100,210파이 중화면용기 대 300개 1박스,,1375,사용함,자체제작,용기 볶음밥용기 면 중식,용기,74990,정상,22,,,,,,
678,패커스,과세,129,42900,210파이 중화면용기 중 300개 1박스,,1374,사용함,자체제작,용기 볶음밥용기 면 중식,용기,60900,정상,67,,,,,,
679,패커스,과세,119,34650,210파이 중화면용기 소 300개 1박스,,1373,사용함,자체제작,용기 볶음밥용기 면 중식,용기,52400,정상,68,,,,,,
680,패커스,과세,0,176000,"생크림용기 214 투명 2,000개 1set(2박스)",,1368,사용함,자체제작,빵용기 샌드위치 베이커리 카페 용기 쿠키,용기,254490,정상,0,,,,,,
681,패커스,과세,4,68200,"300파이 고강도 원형 찜용기 소 백색 2,500ml 100개 1set(2박스)",,1359,사용함,자체제작,회접시 탕 죽 찜 일식 요리접시 양식 용기 중식 한식(분식) 면용기 찜용기,용기,88480,정상,2,,,,,,
682,패커스,과세,1,73590,"300파이 고강도 원형 찜용기 중 백색 3,500ml 100개 1set(2박스)",,1358,사용함,자체제작,회접시 탕 죽 찜 일식 요리접시 양식 용기 중식 한식(분식) 면용기 찜용기,용기,93800,정상,0,,,,,,
683,패커스,과세,7,77000,"300파이 고강도 원형 찜용기 대 백색 4,000ml 100개 1set(2박스)",,1357,사용함,자체제작,회접시 탕 죽 찜 일식 요리접시 양식 용기 중식 한식(분식) 면용기 찜용기,용기,98360,정상,0,,,,,,
684,패커스,과세,0,81400,"300파이 고강도 원형 찜용기 특대 백색 4,500ml 100개 1set(2박스)",,1356,사용함,자체제작,회접시 탕 죽 찜 일식 요리접시 양식 용기 중식 한식(분식) 면용기 찜용기,용기,103530,정상,0,,,,,,
685,패커스,과세,0,118800,포기김치용기 투명 100개 1set(2박스/직사각6.5L),,1354,사용함,자체제작,탕 탕용기 반찬용기 떡 찜 죽 일식 양식 중식 용기 한식(분식) 면용기 죽용기 찜용기,용기,167640,정상,0,,,,,,
686,패커스,과세,0,92400,물김치용기 투명 100개 1set(2박스/직사각 5L),,1353,사용함,자체제작,탕 탕용기 반찬용기 떡 찜 죽 일식 양식 중식 용기 한식(분식) 면용기 죽용기 찜용기,용기,132360,정상,0,,,,,,
687,패커스,과세,2,108900,간장게장용기 투명 200개 1set(2박스/직사각 2.7L),,1352,사용함,자체제작,탕 탕용기 반찬용기 떡 찜 죽 일식 양식 중식 용기 한식(분식) 면용기 죽용기 찜용기,용기,154410,정상,1,,,,,,
688,패커스,과세,0,114400,양념게장용기 투명 400개 1set(2박스/1.1L),,1351,사용함,자체제작,회접시 면 탕 탕용기 반찬용기 떡 찜 죽 일식 양식 중식 용기 한식(분식) 볶음밥용기 면용기 찜용기,용기,161770,정상,1,,,,,,
702,패커스,과세,3,60390,반찬용기 104 1칸 블랙 900개 1set(2박스),,1322,사용함,자체제작,반찬용기 떡 일식 양식 중식 용기 한식(분식),용기,81880,정상,2,,,,,,
703,패커스,과세,1,60390,반찬용기 104 1칸 투명 900개 1set(2박스),,1321,사용함,자체제작,반찬용기 떡 일식 양식 중식 용기 한식(분식),용기,81880,정상,3,,,,,,
704,패커스,과세,0,59400,7cm 원형 쿠키 용기 (대) D-70 투명 200개 1박스,,1320,사용함,자체제작,빵용기 샌드위치 베이커리 카페 용기 쿠키,용기,85630,정상,0,,,,,,
705,패커스,과세,0,52800,7cm 원형 쿠키 용기 (소) D-60 투명 200개 1박스,,1319,사용함,자체제작,빵용기 샌드위치 베이커리 카페 용기 쿠키,용기,76310,정상,0,,,,,,
712,패커스,과세,6,118800,140파이 중식소스용기 투명 600개 1set(2박스/사발 소),,1304,사용함,자체제작,밥용기 국 일식 양식 용기 중식 한식(분식) 소스,용기,149140,정상,1,,,,,,
713,패커스,과세,8,85800,116파이 원형용기 대 투명 600개 1set(2박스),,1303,사용함,자체제작,밥용기 국 일식 양식 용기 중식 한식(분식) 소스,용기,115650,정상,2,,,,,,
714,패커스,과세,6,79200,116파이 원형용기 중 투명 600개 1set(2박스),,1302,사용함,자체제작,밥용기 국 일식 양식 용기 중식 한식(분식) 소스,용기,107110,정상,0,,,,,,
715,패커스,과세,9,72600,116파이 원형용기 소 투명 600개 1set(2박스),,1301,사용함,자체제작,밥용기 국 일식 양식 용기 중식 한식(분식) 소스,용기,98560,정상,6,,,,,,
717,패커스,과세,5,52800,285파이 타원 반반 접시 2칸 블랙 200개 1박스(기존),,1296,사용안함,자체제작,면 탕 요리접시 찜 용기 중식 볶음밥용기,용기,59900,정상,0,,,,,,
719,패커스,과세,71,41800,210파이 탕용기 소 백색 200개 1set(2박스),,1282,사용함,자체제작,회접시 면 탕 탕용기 죽 찜 일식 양식 용기 중식 한식(분식) 볶음밥용기 면용기 죽용기 찜용기,용기,57220,정상,17,,,,,,
720,패커스,과세,5,140800,사각밀폐용기 소 투명 800개 1set(2박스/직사각 500ml),,1278,사용함,자체제작,회접시 면 탕 탕용기 반찬용기 떡 찜 죽 일식 양식 중식 용기 한식(분식) 볶음밥용기 면용기 죽용기 찜용기,용기,177000,정상,0,,,,,,
721,패커스,과세,2,96800,사각밀폐용기 중 투명 400개 1set(2박스/직사각 850ml),,1277,사용함,자체제작,회접시 면 탕 탕용기 반찬용기 떡 찜 죽 일식 양식 중식 용기 한식(분식) 볶음밥용기 면용기 죽용기 찜용기,용기,123120,정상,1,,,,,,
722,패커스,과세,3,115500,사각밀폐용기 대 투명 300개 1set(2박스/삼계탕 용기),,1276,사용함,자체제작,회접시 면 탕 탕용기 반찬용기 떡 찜 죽 일식 양식 중식 용기 한식(분식) 볶음밥용기 면용기 죽용기 찜용기,용기,151170,정상,0,,,,,,
723,패커스,과세,16,44000,210파이 탕용기 대 백색 200개 1set(2박스),,1275,사용함,자체제작,회접시 면 탕 탕용기 죽 찜 일식 양식 용기 중식 한식(분식) 볶음밥용기 면용기 죽용기 찜용기,용기,60020,정상,7,,,,,,
724,패커스,과세,6,66000,우동용기 특대 검정 400개 1박스,,1274,사용함,자체제작,회접시 면 탕 죽 찜 일식 양식 용기 중식 한식(분식) 볶음밥용기 면용기,용기,85110,정상,2,,,,,,
736,패커스,과세,0,158400,반찬용기 D-855 2칸 투명 800개 1set(2박스),,1242,사용함,자체제작,반찬용기 떡 일식 양식 중식 용기 한식(분식),용기,205920,정상,0,,,,,,
737,패커스,과세,6,63360,반찬용기 105 1칸 블랙 900개 1set(2박스),,1236,사용함,자체제작,반찬용기 떡 일식 양식 중식 용기 한식(분식),용기,86660,정상,1,,,,,,
738,패커스,과세,4,63360,반찬용기 105 1칸 투명 900개 1set(2박스),,1235,사용함,자체제작,반찬용기 떡 일식 양식 중식 용기 한식(분식),용기,86660,정상,12,,,,,,
739,패커스,과세,13,55000,반찬용기 201 1칸 블랙 1000개 1set(2박스),,1234,사용함,자체제작,반찬용기 떡 일식 양식 중식 용기 한식(분식),용기,74920,정상,4,,,,,,
740,패커스,과세,5,55000,반찬용기 201 1칸 투명 1000개 1set(2박스),,1233,사용함,자체제작,반찬용기 떡 일식 양식 중식 용기 한식(분식),용기,74920,품절,8,,,,,,
741,패커스,과세,4,58300,반찬용기 202 1칸 블랙 1000개 1set(2박스),,1232,사용함,자체제작,반찬용기 떡 일식 양식 중식 용기 한식(분식),용기,80070,정상,7,,,,,,
742,패커스,과세,4,58300,반찬용기 202 1칸 투명 1000개 1set(2박스),,1231,사용함,자체제작,반찬용기 떡 일식 양식 중식 용기 한식(분식),용기,80070,정상,4,,,,,,
743,패커스,과세,2,59400,반찬용기 202-2 2칸 블랙 1000개 1set(2박스),,1230,사용함,자체제작,반찬용기 떡 일식 양식 중식 용기 한식(분식),용기,79620,정상,1,,,,,,
744,패커스,과세,2,59400,반찬용기 202-2 2칸 투명 1000개 1set(2박스),,1229,사용함,자체제작,반찬용기 떡 일식 양식 중식 용기 한식(분식),용기,79620,정상,0,,,,,,
745,패커스,과세,7,70400,반찬용기 203 1칸 블랙 800개 1set(2박스),,1228,사용함,자체제작,반찬용기 떡 일식 양식 중식 용기 한식(분식),용기,93720,정상,2,,,,,,
746,패커스,과세,6,70400,반찬용기 203 1칸 투명 800개 1set(2박스),,1227,사용함,자체제작,반찬용기 떡 일식 양식 중식 용기 한식(분식),용기,93720,정상,4,,,,,,
747,패커스,과세,2,75680,반찬용기 204 1칸 블랙 800개 1set(2박스),,1226,사용함,자체제작,반찬용기 떡 일식 양식 중식 용기 한식(분식),용기,101640,정상,5,,,,,,
748,패커스,과세,2,75680,반찬용기 204 1칸 투명 800개 1set(2박스),,1225,사용함,자체제작,반찬용기 떡 일식 양식 중식 용기 한식(분식),용기,101640,정상,9,,,,,,
749,패커스,과세,3,77440,반찬용기 204-2 2칸 블랙 800개 1set(2박스),,1224,사용함,자체제작,반찬용기 떡 일식 양식 중식 용기 한식(분식),용기,102680,정상,0,,,,,,
750,패커스,과세,0,77440,반찬용기 204-2 2칸 투명 800개 1set(2박스),,1223,사용함,자체제작,반찬용기 떡 일식 양식 중식 용기 한식(분식),용기,102680,정상,0,,,,,,
751,패커스,과세,5,75900,반찬용기 211 1칸 블랙 600개 1set(2박스),,1222,사용함,자체제작,반찬용기 떡 일식 양식 중식 용기 한식(분식),용기,96400,정상,2,,,,,,
752,패커스,과세,0,75900,반찬용기 211 1칸 투명 600개 1set(2박스),,1221,사용함,자체제작,반찬용기 떡 일식 양식 중식 용기 한식(분식),용기,101870,정상,0,,,,,,
753,패커스,과세,2,77880,반찬용기 211-2 2칸 블랙 600개 1set(2박스),,1220,사용함,자체제작,반찬용기 떡 일식 양식 중식 용기 한식(분식),용기,104440,정상,0,,,,,,
754,패커스,과세,0,77880,반찬용기 211-2 2칸 투명 600개 1set(2박스),,1219,사용함,자체제작,반찬용기 떡 일식 양식 중식 용기 한식(분식),용기,104440,정상,2,,,,,,
757,패커스,과세,0,85140,반찬용기 212-2 2칸 블랙 600개 1set(2박스),,1216,사용함,자체제작,반찬용기 떡 일식 양식 중식 용기 한식(분식),용기,113830,정상,2,,,,,,
758,패커스,과세,0,85140,반찬용기 212-2 2칸 투명 600개 1set(2박스),,1215,사용함,자체제작,반찬용기 떡 일식 양식 중식 용기 한식(분식),용기,113830,정상,0,,,,,,
759,패커스,과세,0,85140,반찬용기 212-3 3칸 투명 600개 1set(2박스),,1213,사용함,자체제작,반찬용기 떡 일식 양식 중식 용기 한식(분식),용기,113830,정상,0,,,,,,
760,패커스,과세,0,135300,반찬용기 D-1016 1칸 투명 600개 1set(2박스),,1210,사용함,자체제작,반찬용기 떡 일식 양식 중식 용기 한식(분식),용기,176470,정상,0,,,,,,
766,패커스,과세,0,154000,반찬용기 D-856 3칸 투명 400개 1set(2박스),,1196,사용함,자체제작,반찬용기 떡 일식 양식 중식 용기 한식(분식),용기,200320,정상,0,,,,,,
767,패커스,과세,1,89100,반찬용기 D-342 뚜껑일체형 1칸 투명 600개 1박스,,1195,사용함,자체제작,반찬용기 떡 일식 양식 중식 용기 한식(분식),용기,117570,정상,0,,,,,,
768,패커스,과세,0,132000,반찬용기 D-1014-1 1칸 투명 600개 1set(2박스),,1194,사용함,자체제작,반찬용기 떡 일식 양식 중식 용기 한식(분식),용기,172220,정상,0,,,,,,
769,패커스,과세,1,94600,반찬용기 D-363 3칸 투명 400개 1set(2박스),,1193,사용함,자체제작,반찬용기 떡 일식 양식 중식 용기 한식(분식),용기,124520,정상,4,,,,,,
770,패커스,과세,1,154000,반찬용기 D-857 4칸 투명 400개 1set(2박스),,1192,사용함,자체제작,반찬용기 떡 일식 양식 중식 용기 한식(분식),용기,200320,정상,0,,,,,,
771,패커스,과세,1,118800,반찬용기 D-364 4칸 투명 400개 1set(2박스),,1191,사용함,자체제작,반찬용기 떡 일식 양식 중식 용기 한식(분식),용기,155420,정상,0,,,,,,
772,패커스,과세,1,70840,반찬용기 D-365 5칸 투명 200개 1set(2박스),,1190,사용함,자체제작,반찬용기 떡 일식 양식 중식 용기 한식(분식),용기,94600,정상,2,,,,,,
773,패커스,과세,1,155100,반찬용기 D-1016-1 1칸 투명 600개 1set(2박스),,1189,사용함,자체제작,반찬용기 떡 일식 양식 중식 용기 한식(분식),용기,201670,정상,0,,,,,,
774,패커스,과세,0,88000,반찬용기 D-1616 1칸 투명 200개 1set(2박스),,1188,사용함,자체제작,반찬용기 떡 일식 양식 중식 용기 한식(분식),용기,116120,정상,0,,,,,,
775,패커스,과세,9,50600,우동용기 중 백색 400개 1박스,,1182,사용함,자체제작,회접시 면 탕 죽 찜 일식 양식 용기 중식 한식(분식) 볶음밥용기 면용기,용기,64910,정상,4,,,,,,
776,패커스,과세,7,57200,우동용기 대 검정 400개 1박스,,1181,사용함,자체제작,회접시 면 탕 죽 찜 일식 양식 용기 중식 한식(분식) 볶음밥용기 면용기,용기,74010,정상,2,,,,,,
777,패커스,과세,11,50600,우동용기 중 검정 400개 1박스,,1180,사용함,자체제작,회접시 면 탕 죽 찜 일식 양식 용기 중식 한식(분식) 볶음밥용기 면용기,용기,64910,정상,3,,,,,,
778,패커스,과세,0,61600,130파이 찬용기 소 150ml 800개 1set(2박스),,1170,사용함,자체제작,밥용기 국 일식 양식 용기 중식 한식(분식) 소스,용기,81520,정상,2,,,,,,
779,패커스,과세,14,66000,130파이 찬용기 중 250ml 800개 1set(2박스),,1169,사용함,자체제작,밥용기 국 일식 양식 용기 중식 한식(분식) 소스,용기,86020,정상,20,,,,,,
780,패커스,과세,10,70400,130파이 찬용기 대 350ml 800개 1set(2박스),,1168,사용함,자체제작,밥용기 국 일식 양식 용기 중식 한식(분식) 소스,용기,91520,정상,2,,,,,,
781,패커스,과세,8,74800,130파이 찬용기 특대 450ml 800개 1set(2박스),,1167,사용함,자체제작,밥용기 국 일식 양식 용기 중식 한식(분식) 소스,용기,96920,정상,16,,,,,,
787,패커스,과세,17,35200,210파이 중화면 전용 뚜껑 300개 1박스,,1139,사용함,자체제작,용기 볶음밥용기 면 중식,용기,36500,정상,14,,,,,,
793,패커스,과세,2,94600,190파이 고강도 미니탕용기 투명 400개 1set(2박스),,1127,사용함,자체제작,190(195)파이 회접시 면 찌개용기 탕 한식(분식) 탕용기 찜 죽 일식 양식 용기 중식 찌개 볶음밥용기 면용기 한식 음식종류별,용기,118250,정상,2,,,,,,
794,패커스,과세,5,94600,190파이 고강도 미니탕용기 백색 400개 1set(2박스),,1126,사용함,자체제작,190(195)파이 회접시 면 찌개용기 탕 한식(분식) 탕용기 찜 죽 일식 양식 용기 중식 찌개 볶음밥용기 면용기 한식 음식종류별,용기,118250,정상,3,,,,,,
795,패커스,과세,1,52800,어린이 죽용기 소 300ml 600개 1set(2박스/사각반죽),,1124,사용함,자체제작,샐러드 야채 탕 사각용기 반찬용기 죽 음식종류별 찜 반찬 용기 한식(분식) 면용기 죽용기 소스,용기,71220,정상,2,,,,,,
796,패커스,과세,3,59400,어린이 죽용기 대 400ml 600개 1set(2박스/사각반죽),,1123,사용함,자체제작,회접시 탕 죽 찜 일식 양식 용기 한식(분식) 면용기 죽용기,용기,79620,정상,4,,,,,,
797,패커스,과세,14,99000,200파이 고강도 냉면용기 중 400개 1set(2박스),,1122,사용함,자체제작,회접시 면 탕 탕용기 죽 찜 일식 양식 용기 중식 한식(분식) 볶음밥용기 면용기 죽용기 찜용기,용기,133220,정상,10,,,,,,
798,패커스,과세,5,69300,220파이 고강도 냉면용기 대 200개 1set(2박스),,1121,사용함,자체제작,회접시 면 탕 탕용기 죽 찜 일식 양식 용기 중식 한식(분식) 볶음밥용기 면용기 죽용기 찜용기,용기,94470,정상,15,,,,,,
799,패커스,과세,25,42900,"70파이 다용도컵 세트 1호 소 70ml 블랙 PS-3,000개 1set(2박스)",,1091,사용함,자체제작,밥용기 국 반찬용기 떡 일식 양식 용기 중식 한식(분식) 소스,용기,55870,정상,16,,,,,,
800,패커스,과세,1,82500,"95파이 고강도 다용도컵 세트 4호 대 270ml 백색 PP-1,000개 1set(2박스)",,1090,사용함,자체제작,밥용기 국 일식 양식 용기 중식 한식(분식) 소스,용기,105270,정상,0,,,,,,
801,패커스,과세,5,46200,"95파이 다용도컵 세트 4호 대 270ml 블랙 PS-1,000개 1set(2박스)",,1089,사용함,자체제작,밥용기 국 반찬용기 떡 일식 양식 용기 중식 한식(분식) 소스,용기,63620,정상,1,,,,,,
802,패커스,과세,24,49500,195파이 미니탕용기 투톤 300개 1set(2박스),,1085,사용함,자체제작,회접시 면 탕 탕용기 죽 찜 일식 양식 용기 중식 한식(분식) 볶음밥용기 면용기 죽용기 찜용기,용기,68970,정상,18,,,,,,
803,패커스,과세,12,68200,고강도 감자탕용기 소 200개 1set(2박스),,1084,사용함,자체제작,회접시 탕 탕용기 죽 찜 일식 양식 용기 한식(분식) 면용기,용기,87720,정상,8,,,,,,
804,패커스,과세,8,72600,고강도 감자탕용기 중 200개 1set(2박스),,1083,사용함,자체제작,회접시 탕 탕용기 죽 찜 일식 양식 용기 한식(분식) 면용기,용기,93120,정상,6,,,,,,
805,패커스,과세,2,77000,고강도 감자탕용기 대 200개 1set(2박스),,1082,사용함,자체제작,회접시 탕 탕용기 죽 찜 일식 양식 용기 한식(분식) 면용기,용기,100920,정상,1,,,,,,
806,패커스,과세,129,44550,195파이 탕용기 소 300개 1set(2박스),,1077,사용함,자체제작,회접시 면 탕 탕용기 죽 찜 일식 양식 용기 중식 한식(분식) 볶음밥용기 면용기 죽용기 찜용기,용기,57850,정상,80,,,,,,
807,패커스,과세,3,47300,"92파이 20온스 약 560ml 1,000개 1박스",,1074,사용함,자체제작,베이커리 종이컵 뚜껑 아이스컵 카페 용기,용기,57860,정상,5,,,,,,
809,패커스,과세,52,51700,"105파이 다용도컵 세트 5호 대 370ml 블랙 PS-1,000개 1set(2박스)",,1071,사용함,자체제작,밥용기 국 반찬용기 떡 일식 양식 용기 중식 한식(분식) 소스,용기,64070,정상,14,,,,,,
810,패커스,과세,27,49500,"105파이 다용도컵 세트 5호 중 300ml 블랙 PS-1,000개 1set(2박스)",,1070,사용함,자체제작,밥용기 국 반찬용기 떡 일식 양식 용기 중식 한식(분식) 소스,용기,61470,정상,47,,,,,,
811,패커스,과세,17,47300,"105파이 다용도컵 세트 5호 소 250ml 블랙 PS-1,000개 1set(2박스)",,1069,사용함,자체제작,밥용기 국 반찬용기 떡 일식 양식 용기 중식 한식(분식) 소스,용기,59670,정상,15,,,,,,
812,패커스,과세,1,61600,270파이 원형 접시 소 백색 200개 1박스,,1057,사용함,자체제작,탕 찜 요리접시 용기 중식,용기,69500,정상,2,,,,,,
813,패커스,과세,8,66000,짬짜면용기 2칸 300개 1박스,,1055,사용함,자체제작,용기 볶음밥용기 면 중식,용기,83110,정상,9,,,,,,
814,패커스,과세,4,13750,스티로폼 백색 18호 1칸 500개 1박스,,1040,사용함,자체제작,분식용기 농수산물 반찬용기 스트로폼용기 떡 일식 양식 중식 용기 한식(분식),용기,21000,정상,3,,,,,,
815,패커스,과세,3,11220,"단무지 2칸 1,200개 1박스",,1039,사용함,자체제작,용기 반찬용기 중식,용기,17300,정상,0,,,,,,
816,패커스,과세,20,11550,"단무지 3칸 1,000개 1박스",,1038,사용함,자체제작,용기 반찬용기 중식,용기,18400,정상,11,,,,,,
851,패커스,과세,0,18700,"커피스틱 블랙 15cm 10,000개 1박스",,657,사용함,자체제작,베이커리 카페 용기 커피스틱 빨대,용기,27360,정상,0,,,,,,
852,패커스,과세,0,26400,"스트로우 일반형 블랙 빨대 21cm 10,000개 1박스",,648,사용함,자체제작,베이커리 카페 용기 커피스틱 빨대,용기,37310,정상,0,,,,,,
853,패커스,과세,1,35200,"스트로우 자바라 블랙 빨대 21cm 10,000개 1박스",,641,사용함,자체제작,베이커리 카페 용기 커피스틱 빨대,용기,49010,정상,4,,,,,,
854,패커스,과세,0,18700,"커피스틱 레드 15cm 10,000개 1박스",,640,사용함,자체제작,베이커리 카페 용기 커피스틱 빨대,용기,27360,정상,0,,,,,,
855,패커스,과세,0,19800,"커피스틱 블랙 18cm 10,000개 1박스",,639,사용함,자체제작,베이커리 카페 용기 커피스틱 빨대,용기,28810,정상,2,,,,,,
856,패커스,과세,0,19800,"커피스틱 레드 18cm 10,000개 1박스",,638,사용함,자체제작,베이커리 카페 용기 커피스틱 빨대,용기,28810,정상,0,,,,,,
857,패커스,과세,0,7700,알루미늄 일회용 캠핑용기 세트 1 SET,,623,사용함,자체제작,회접시 탕 죽 찜 일식 양식 용기 한식(분식) 면용기,용기,15600,정상,3,,,,,,
858,패커스,과세,0,17600,"8/9온스 종이컵뚜껑 개폐형 1,000개 1박스",,615,사용함,자체제작,베이커리 종이컵 뚜껑 아이스컵 카페 용기,용기,20600,정상,0,,,,,,
859,패커스,과세,0,16500,"8/9온스 종이컵뚜껑 타공형 일반형 1,000개 1박스",,614,사용함,자체제작,베이커리 종이컵 뚜껑 아이스컵 카페 용기,용기,19500,정상,0,,,,,,
860,패커스,과세,128,47850,195파이 탕용기 대 300개 1set(2박스),,608,사용함,자체제작,회접시 면 탕 탕용기 죽 찜 일식 양식 용기 중식 한식(분식) 볶음밥용기 면용기 죽용기 찜용기,용기,61900,정상,96,,,,,,
861,패커스,과세,14,74250,사각 죽용기 신형 중 750ml 500개 1set(2박스),,605,사용함,자체제작,탕 죽 찜 양식 용기 한식(분식) 면용기 죽용기,용기,98600,정상,37,,,,,,
862,패커스,과세,102,49500,195파이 미니탕용기 블랙 300개 1set(2박스),,603,사용함,자체제작,회접시 면 탕 탕용기 죽 찜 일식 양식 용기 중식 한식(분식) 볶음밥용기 면용기 죽용기 찜용기,용기,63070,정상,174,,,,,,
863,패커스,과세,26,49500,195파이 미니탕용기 백색 300개 1set(2박스),,602,사용함,자체제작,회접시 면 탕 탕용기 죽 찜 일식 양식 용기 중식 한식(분식) 볶음밥용기 면용기 죽용기 찜용기,용기,63070,정상,9,,,,,,
864,패커스,과세,0,226380,"원형 340mm 알루미늄 직화 냄비 특대 3,500ml 200개 1박스",,600,사용함,자체제작,초밥 도시락용기 일식 양식 용기 직화용기 한식(분식),용기,302500,정상,0,,,,,,
865,패커스,과세,1,203280,"원형 320mm 알루미늄 직화 냄비 대 3,000ml 200개 1박스",,597,사용함,자체제작,초밥 도시락용기 일식 양식 용기 직화용기 한식(분식),용기,272000,정상,0,,,,,,
866,패커스,과세,0,180180,"원형 295mm 알루미늄 직화 냄비 중 2,150ml 200개 1박스",,596,사용함,자체제작,초밥 도시락용기 일식 양식 용기 직화용기 한식(분식),용기,241000,정상,0,,,,,,
867,패커스,과세,0,157080,"원형 270mm 알루미늄 직화 냄비 소 1,800ml 200개 1박스",,595,사용함,자체제작,초밥 도시락용기 일식 양식 용기 직화용기 한식(분식),용기,210000,정상,0,,,,,,
868,패커스,과세,0,110880,"원형 220mm 알루미늄 직화 냄비 특소 1,350ml 200개 1박스",,594,사용함,자체제작,초밥 도시락용기 일식 양식 용기 직화용기 한식(분식),용기,148900,정상,0,,,,,,
869,패커스,과세,6,41580,사각 270 냄비 뚜껑 대 200개 1박스,,593,사용함,자체제작,초밥 도시락용기 일식 양식 용기 직화용기 한식(분식),용기,60000,정상,0,,,,,,
870,패커스,과세,8,203280,"사각 270 알루미늄 직화 냄비 대 2,750ml 200개 1박스",,592,사용함,자체제작,초밥 도시락용기 일식 양식 용기 직화용기 한식(분식),용기,272000,정상,2,,,,,,
871,패커스,과세,1,180180,"사각 250 알루미늄 직화 냄비 소 2,300ml 200개 1박스",,591,사용함,자체제작,초밥 도시락용기 일식 양식 용기 직화용기 한식(분식),용기,240000,정상,0,,,,,,
872,패커스,과세,0,32340,사각 225 냄비 뚜껑 200개 1박스,,590,사용함,자체제작,초밥 도시락용기 일식 양식 용기 직화용기 한식(분식),용기,47000,정상,0,,,,,,
875,패커스,과세,0,143220,"사각 225 전자렌지 직화 냄비 1,500ml 200개 1박스",,575,사용함,자체제작,초밥 도시락용기 일식 양식 용기 직화용기 한식(분식),용기,191700,정상,0,,,,,,
876,패커스,과세,1,120120,"사각 195 전자렌지 직화 냄비 1,000ml 200개 1박스",,573,사용함,자체제작,초밥 도시락용기 일식 양식 용기 직화용기 한식(분식),용기,161300,정상,0,,,,,,
877,패커스,과세,2,27720,원형 210파이 냄비 뚜껑 200개 1박스,,572,사용함,자체제작,초밥 도시락용기 일식 양식 용기 직화용기 한식(분식),용기,40800,정상,0,,,,,,
878,패커스,과세,2,143220,"원형 210파이 전자렌지 직화 냄비 1,450ml 200개 1박스",,571,사용함,자체제작,초밥 도시락용기 일식 양식 용기 직화용기 한식(분식),용기,192700,정상,6,,,,,,
879,패커스,과세,0,9900,10-13온스 테이크아웃 홀더 디자인20종 랜덤구성 500개 1박스,,561,사용함,자체제작,컵홀더 베이커리 카페 용기 컵캐리어,용기,25400,정상,2,,,,,,
880,패커스,과세,0,18700,"12 16 20온스 종이컵뚜껑 타공형 일반형 1,000개 1박스",,560,사용함,자체제작,베이커리 종이컵 뚜껑 아이스컵 카페 용기,용기,21800,정상,0,,,,,,
881,패커스,과세,0,19800,"12 16 20온스 종이컵뚜껑 개폐형 1,000개 1박스",,559,사용함,자체제작,베이커리 종이컵 뚜껑 아이스컵 카페 용기,용기,22900,정상,0,,,,,,
882,패커스,과세,1,17600,"10-13온스 종이컵뚜껑 타공형 일반형 1,000개 1박스",,558,사용함,자체제작,베이커리 종이컵 뚜껑 아이스컵 카페 용기,용기,20600,정상,5,,,,,,
883,패커스,과세,1,18700,"10-13온스 종이컵뚜껑 개폐형 1,000개 1박스",,557,사용함,자체제작,베이커리 종이컵 뚜껑 아이스컵 카페 용기,용기,21800,정상,2,,,,,,
896,패커스,과세,9,51150,PP 4칸 사각찬용기 300개 1set(2박스/21164-4칸),4칸 사각찬용기,481,사용함,자체제작,샐러드 초밥 도시락용기 일식 양식 중식 용기 직화용기 한식(분식),용기,69200,정상,9,,,,,,
897,패커스,과세,11,49500,125파이 원형용기 소 250ml 백색 PP 600개 1set(2박스),125파이 원형용기 소,480,사용함,자체제작,밥용기 국 일식 양식 용기 중식 한식(분식) 소스,용기,69400,정상,17,,,,,,
898,패커스,과세,7,52800,125파이 원형용기 중 350ml 백색 PP 600개 1set(2박스),125파이 원형용기 중,479,사용함,자체제작,밥용기 국 일식 양식 용기 중식 한식(분식) 소스,용기,74620,정상,10,,,,,,
899,패커스,과세,10,56100,125파이 원형용기 대 450ml 백색 PP 600개 1set(2박스),125파이 원형용기 대,478,사용함,자체제작,밥용기 국 일식 양식 용기 중식 한식(분식) 소스,용기,78970,정상,9,,,,,,
900,패커스,과세,78,37400,PP 5칸 도시락용기 200개 1박스(돈까스 도시락/큰 사이즈),PP 5칸 도시락용기,455,사용함,자체제작,샐러드 초밥 도시락용기 일식 양식 중식 용기 직화용기 한식(분식),용기,49700,정상,71,,,,,,
901,패커스,과세,22,52800,PP 8칸 도시락용기 L3 200개 1박스,PP 8칸 도시락용기,451,사용함,자체제작,샐러드 초밥 도시락용기 일식 양식 중식 용기 직화용기 한식(분식),용기,74600,정상,10,,,,,,
902,패커스,과세,10,52800,PP 7칸 도시락용기 L2 200개 1박스,PP 7칸 도시락용기,450,사용함,자체제작,샐러드 초밥 도시락용기 일식 양식 중식 용기 직화용기 한식(분식),용기,74600,정상,11,,,,,,
903,패커스,과세,4,52800,PP 6칸 도시락용기 L1 200개 1박스,PP 6칸 도시락용기,449,사용함,자체제작,샐러드 초밥 도시락용기 일식 양식 중식 용기 직화용기 한식(분식),용기,74600,정상,6,,,,,,
904,패커스,과세,22,36300,PP 5칸 도시락용기 04 200개 1박스(작은 사이즈),PP 5칸 도시락용기,447,사용함,자체제작,샐러드 초밥 도시락용기 일식 양식 중식 용기 직화용기 한식(분식),용기,48500,정상,51,,,,,,
905,패커스,과세,18,36300,PP 4칸 도시락용기 B 200개 1박스,PP 4칸 도시락용기,446,사용함,자체제작,샐러드 초밥 도시락용기 일식 양식 중식 용기 직화용기 한식(분식),용기,48500,정상,18,,,,,,
906,패커스,과세,15,36300,PP 4칸 도시락용기 A 200개 1박스,PP 4칸 도시락용기,445,사용함,자체제작,샐러드 초밥 도시락용기 일식 양식 중식 용기 직화용기 한식(분식),용기,48500,정상,6,,,,,,
907,패커스,과세,2,125400,"130파이 원형용기 소 350ml 백색 PP 1,200개 1set(2박스)",130파이 원형용기 소,443,사용함,자체제작,밥용기 국 일식 양식 용기 중식 한식(분식) 소스,용기,192720,정상,4,,,,,,
908,패커스,과세,1,132000,"130파이 원형용기 대 470ml 백색 PP 1,200개 1set(2박스)",130파이 원형용기 대,442,사용함,자체제작,밥용기 국 일식 양식 용기 중식 한식(분식) 소스,용기,202620,정상,7,,,,,,
909,패커스,과세,5,66000,우동용기 특대 백색 400개 1박스,우동용기 특대,441,사용함,자체제작,회접시 면 탕 죽 찜 일식 양식 용기 중식 한식(분식) 볶음밥용기 면용기,용기,85110,정상,1,,,,,,
910,패커스,과세,2,57200,우동용기 대 백색 400개 1박스,우동용기 대,440,사용함,자체제작,회접시 면 탕 죽 찜 일식 양식 용기 중식 한식(분식) 볶음밥용기 면용기,용기,74010,정상,9,,,,,,
911,패커스,과세,15,47300,"105파이 다용도컵 세트 5호 소 250ml 백색 PS 1,000개 1set(2박스)",105파이 다용도컵 세트,437,사용함,자체제작,밥용기 국 반찬용기 떡 일식 양식 용기 중식 한식(분식) 소스,용기,59670,정상,26,,,,,,
920,패커스,과세,0,33000,"92파이 아이스컵 무지 9온스 250ml 투명 PET 1,000개",92파이 아이스컵,408,사용함,자체제작,베이커리 종이컵 뚜껑 아이스컵 카페 용기,용기,53900,정상,0,,,,,,
921,패커스,과세,2,50600,98파이 24온스 약720ml 아이스컵 PET 1000개 1박스,98파이 아이스컵,397,사용함,자체제작,베이커리 종이컵 뚜껑 아이스컵 카페 용기,용기,69610,정상,19,,,,,,
922,패커스,과세,6,48400,98파이 20온스 약 600ml 아이스컵 PET 1000개 1박스,98파이 아이스컵,396,사용함,자체제작,베이커리 종이컵 뚜껑 아이스컵 카페 용기,용기,56910,정상,9,,,,,,
923,패커스,과세,2,40700,98파이 16온스 약 480ml 아이스컵 PET 1000개 1박스,98파이 아이스컵,395,사용함,자체제작,베이커리 종이컵 뚜껑 아이스컵 카페 용기,용기,50660,정상,11,,,,,,
924,패커스,과세,5,39600,92파이 16온스 약 480ml 아이스컵 PET 1000개 1박스,92파이 아이스컵,393,사용함,자체제작,베이커리 종이컵 뚜껑 아이스컵 카페 용기,용기,51810,품절,22,,,,,,
925,패커스,과세,6,33000,92파이 14온스 약 420ml 아이스컵 PET 1000개 1박스,92파이 아이스컵,392,사용함,자체제작,베이커리 종이컵 뚜껑 아이스컵 카페 용기,용기,39910,정상,18,,,,,,
926,패커스,과세,9,31900,92파이 12온스 약 340ml 아이스컵 PET 1000개 1박스,92파이 아이스컵,391,사용함,자체제작,베이커리 종이컵 뚜껑 아이스컵 카페 용기,용기,41660,정상,25,,,,,,
929,패커스,과세,1,69300,"270파이 탕용기 왕대 6,500ml 100개 1set(1박스)",270파이 탕용기 왕대,382,사용함,자체제작,회접시 탕 탕용기 죽 찜 일식 양식 용기 한식(분식) 면용기 찜용기,용기,91270,정상,9,,,,,,
930,패커스,과세,2,58300,"240파이 탕용기 특대 5,000ml 100개 1set(1박스)",240파이 탕용기 특대,381,사용함,자체제작,회접시 탕 탕용기 죽 찜 일식 양식 용기 한식(분식) 면용기 찜용기,용기,77370,정상,8,,,,,,
931,패커스,과세,14,51700,"225파이 탕용기 대 3,000ml 200개 1set(2박스)",225파이 탕용기 대,380,사용함,자체제작,회접시 탕 탕용기 죽 찜 일식 양식 용기 한식(분식) 면용기,용기,70670,정상,17,,,,,,
932,패커스,과세,21,48400,"225파이 탕용기 중 2,400ml 200개 1set(2박스)",225파이 탕용기 중,379,사용함,자체제작,회접시 탕 탕용기 죽 찜 일식 양식 용기 한식(분식) 면용기,용기,65640,정상,38,,,,,,
933,패커스,과세,20,45100,"225파이 탕용기 소 1,800ml 200개 1set(2박스)",225파이 탕용기 소,378,사용함,자체제작,회접시 탕 탕용기 죽 찜 일식 양식 용기 한식(분식) 면용기,용기,59990,정상,37,,,,,,
948,패커스,과세,5,13200,92파이 아이스컵 뚜껑 돔형 구멍없음 PET 1000개 1박스,92파이 아이스컵 뚜껑 돔형,219,사용함,자체제작,베이커리 종이컵 뚜껑 아이스컵 카페 용기,용기,19910,정상,19,,,,,,
949,패커스,과세,12,13200,92파이 아이스컵 뚜껑 돔형 구멍있음 PET 1000개 1박스,92파이 아이스컵 뚜껑 돔형,217,사용함,자체제작,베이커리 종이컵 뚜껑 아이스컵 카페 용기,용기,19910,정상,43,,,,,,
950,패커스,과세,3,12100,92파이 아이스컵 뚜껑 평형 민자형 십자 구멍 PET 1000개 1박스,92파이 아이스컵 뚜껑 평형,215,사용함,자체제작,베이커리 종이컵 뚜껑 아이스컵 카페 용기,용기,16560,정상,17,,,,,,
951,패커스,과세,4,14300,98파이 아이스컵 뚜껑 돔형 구멍있음 PET 1000개 1박스,98파이 아이스컵 뚜껑 돔형,207,사용함,자체제작,베이커리 종이컵 뚜껑 아이스컵 카페 용기,용기,22200,정상,31,,,,,,
952,패커스,과세,2,13200,98파이 아이스컵 뚜껑 평형 민자형 십자 구멍 PET 1000개 1박스,98파이 아이스컵 뚜껑 평형 ,205,사용함,자체제작,베이커리 종이컵 뚜껑 아이스컵 카페 용기,용기,18810,정상,10,,,,,,
953,패커스,과세,1,55000,170파이 원형 샐러드 4칸 100ml x 4 투명 400개 1set(2박스),170파이 원형 샐러드 4칸,190,사용함,자체제작,샐러드 샐러드용기 초밥 도시락용기 일식 중식 용기 직화용기 한식(분식),용기,75820,정상,2,,,,,,
954,패커스,과세,27,55000,170파이 원형 샐러드 4칸 100ml x 4 검정 400개 1set(2박스),170파이 원형 샐러드 4칸,188,사용함,자체제작,샐러드 샐러드용기 초밥 도시락용기 일식 중식 용기 직화용기 한식(분식),용기,75820,정상,15,,,,,,
955,패커스,과세,0,55000,170파이 원형 샐러드 3칸 150ml x 3 투명 400개 1set(2박스),170파이 원형 샐러드 3칸,186,사용함,자체제작,샐러드 샐러드용기 초밥 도시락용기 일식 중식 용기 직화용기 한식(분식),용기,75820,정상,2,,,,,,
956,패커스,과세,10,55000,170파이 원형 샐러드 3칸 150ml x 3 검정 400개 1set(2박스),170파이 원형 샐러드 3칸,184,사용함,자체제작,샐러드 샐러드용기 초밥 도시락용기 일식 중식 용기 직화용기 한식(분식),용기,75820,정상,25,,,,,,
957,패커스,과세,0,55000,170파이 원형 샐러드 2칸 250ml x 2 투명 400개 1set(2박스),170파이 원형 샐러드 2칸,182,사용함,자체제작,샐러드 샐러드용기 초밥 도시락용기 일식 중식 용기 직화용기 한식(분식),용기,75820,정상,0,,,,,,
958,패커스,과세,0,55000,170파이 원형 샐러드 2칸 250ml x 2 검정 400개 1set(2박스),170파이 원형 샐러드 2칸,180,사용함,자체제작,샐러드 샐러드용기 초밥 도시락용기 일식 중식 용기 직화용기 한식(분식),용기,75820,정상,3,,,,,,
959,패커스,과세,0,55000,170파이 원형 샐러드 1칸 550ml x 1 투명 400개 1set(2박스),170파이 원형 샐러드 1칸,178,사용함,자체제작,샐러드 샐러드용기 초밥 도시락용기 일식 중식 용기 직화용기 한식(분식),용기,75820,정상,3,,,,,,
960,패커스,과세,10,55000,170파이 원형 샐러드 1칸 550ml x 1 검정 400개 1set(2박스),170파이 원형 샐러드 1칸,176,사용함,자체제작,샐러드 샐러드용기 초밥 도시락용기 일식 중식 용기 직화용기 한식(분식),용기,75820,정상,4,,,,,,
961,패커스,과세,21,36300,PP 6칸 도시락용기 02 200개 1박스,PP 6칸 도시락용기,172,사용함,자체제작,샐러드 초밥 도시락용기 일식 양식 중식 용기 직화용기 한식(분식),용기,48500,정상,43,,,,,,
987,패커스,과세,2,90750,사각 죽용기 대 2칸 920ml 500개 1set(2박스),사각 죽용기 대,96,사용함,자체제작,탕 죽 찜 양식 용기 한식(분식) 면용기 죽용기,용기,109750,정상,6,,,,,,
988,패커스,과세,12,90750,"사각 죽용기 특대 1,150ml 500개 1set(2박스)",사각 죽용기 특대,94,사용함,자체제작,탕 죽 찜 양식 용기 한식(분식) 면용기 죽용기,용기,118250,정상,50,,,,,,
989,패커스,과세,27,85250,"사각 죽용기 대 1,050ml 500개 1set(2박스)",사각 죽용기 대,92,사용함,자체제작,탕 죽 찜 양식 용기 한식(분식) 면용기 죽용기,용기,103300,정상,60,,,,,,
990,패커스,과세,25,79750,사각 죽용기 중 920ml 500개 1set(2박스),사각 죽용기 중,90,사용함,자체제작,탕 죽 찜 양식 용기 한식(분식) 면용기 죽용기,용기,99350,정상,79,,,,,,
991,패커스,과세,36,71500,사각 죽용기 소 550ml 500개 1set(2박스),사각 죽용기 소,88,사용함,자체제작,탕 죽 찜 양식 용기 한식(분식) 면용기 죽용기,용기,91620,정상,46,,,,,,
992,패커스,과세,3,69300,"300파이 원형 찜용기 왕대 투명 4,500ml 100개 1set(2박스)",300파이 원형 찜용기 왕대,86,사용함,자체제작,회접시 탕 죽 찜 일식 요리접시 양식 용기 중식 한식(분식) 면용기 찜용기,용기,99130,정상,5,,,,,,
993,패커스,과세,3,64900,"300파이 원형 찜용기 대 투명 4,000ml 100개 1set(2박스)",300파이 원형 찜용기 대,84,사용함,자체제작,회접시 탕 죽 찜 일식 요리접시 양식 용기 중식 한식(분식) 면용기 찜용기,용기,93150,정상,0,,,,,,
994,패커스,과세,4,59400,"300파이 원형 찜용기 중 투명 3,500ml 100개 1set(2박스)",300파이 원형 찜용기 중,82,사용함,자체제작,회접시 탕 죽 찜 일식 요리접시 양식 용기 중식 한식(분식) 면용기 찜용기,용기,89800,정상,2,,,,,,
995,패커스,과세,1,56100,"300파이 원형 찜용기 소 투명 2,500ml 100개 1set(2박스)",300파이 원형 찜용기 소,80,사용함,자체제작,회접시 탕 죽 찜 일식 요리접시 양식 용기 중식 한식(분식) 면용기 찜용기,용기,81180,정상,0,,,,,,
996,패커스,과세,2,84700,"340파이 타원 찜용기 대 3,000ml 200개 1set(2박스)",340파이 타원 찜용기 대,78,사용함,자체제작,회접시 탕 죽 찜 일식 요리접시 양식 용기 중식 한식(분식) 면용기 찜용기,용기,118170,정상,2,,,,,,
997,패커스,과세,3,79200,"340파이 타원 찜용기 중 2,500ml 200개 1set(2박스)",340파이 타원 찜용기 중,76,사용함,자체제작,회접시 탕 죽 찜 일식 요리접시 양식 용기 중식 한식(분식) 면용기 찜용기,용기,109270,정상,3,,,,,,
998,패커스,과세,1,73700,"340파이 타원 찜용기 소 1,800ml 200개 1set(2박스)",340파이 타원 찜용기 소,74,사용함,자체제작,회접시 탕 죽 찜 일식 요리접시 양식 용기 중식 한식(분식) 면용기 찜용기,용기,103970,정상,0,,,,,,
999,패커스,과세,3,34650,"사각찜용기 대 3,200ml 100개 1set(2박스)",사각찜용기 대,72,사용함,자체제작,회접시 탕 죽 찜 일식 요리접시 양식 용기 중식 한식(분식) 면용기 찜용기,용기,59600,정상,1,,,,,,
1000,패커스,과세,7,32450,"사각찜용기 중 2,500ml 100개 1set(2박스)",사각찜용기 중,70,사용함,자체제작,회접시 탕 죽 찜 일식 요리접시 양식 용기 중식 한식(분식) 면용기 찜용기,용기,57600,정상,6,,,,,,
1001,패커스,과세,5,30250,"사각찜용기 소 2,000ml 100개 1set(2박스)",사각찜용기 소,68,사용함,자체제작,회접시 탕 죽 찜 일식 요리접시 양식 용기 중식 한식(분식) 면용기 찜용기,용기,55600,정상,10,,,,,,
1002,패커스,과세,0,68200,"105파이 다용도컵 세트 5호 대 370ml 투명 PS 1,000개 1set(2박스)",105파이 다용도컵 세트 5호 대,52,사용함,자체제작,밥용기 국 반찬용기 떡 일식 양식 용기 중식 한식(분식) 소스,용기,88720,정상,0,,,,,,
1003,패커스,과세,0,66000,"105파이 다용도컵 세트 5호 중 300ml 투명 PS 1,000개 1set(2박스)",105파이 다용도컵 세트 5호 중,51,사용함,자체제작,밥용기 국 반찬용기 떡 일식 양식 용기 중식 한식(분식) 소스,용기,88120,정상,2,,,,,,
1004,패커스,과세,0,63800,"105파이 다용도컵 세트 5호 소 250ml 투명 PS 1,000개 1set(2박스)",105파이 다용도컵 세트 5호 소 ,50,사용함,자체제작,밥용기 국 반찬용기 떡 일식 양식 용기 중식 한식(분식) 소스,용기,85320,정상,6,,,,,,
1005,패커스,과세,0,125400,"75파이 다용도컵 세트 3호 대 165ml 투명 PS 3,000개 1set(2박스)",75파이 다용도컵 세트 3호 대 ,49,사용함,자체제작,밥용기 국 반찬용기 떡 일식 양식 용기 중식 한식(분식) 소스,용기,163820,정상,0,,,,,,
1006,패커스,과세,3,66000,"70파이 다용도컵 세트 1호 소 70ml 투명 PS 3,000개 1set(2박스)",70파이 다용도컵 세트 1호 소 ,48,사용함,자체제작,밥용기 국 반찬용기 떡 일식 양식 용기 중식 한식(분식) 소스,용기,88120,정상,15,,,,,,
1007,패커스,과세,15,41250,"70파이 다용도컵 세트 1호 특소 50ml 백색 PS 3,000개 1set(2박스)",70파이 다용도컵 세트 1호 특소,47,사용함,자체제작,밥용기 국 반찬용기 떡 일식 양식 용기 중식 한식(분식) 소스,용기,54500,정상,26,,,,,,
1008,패커스,과세,7,58300,"105파이 다용도컵 세트 5호 특대 400ml 백색 PS 1,000개 1set(2박스)",105파이 다용도컵 세트 5호 특대,46,사용함,자체제작,밥용기 국 반찬용기 떡 일식 양식 용기 중식 한식(분식) 소스,용기,78270,정상,6,,,,,,
1009,패커스,과세,17,51700,"105파이 다용도컵 세트 5호 대 370ml 백색 PS 1,000개 1set(2박스)",105파이 다용도컵 세트 5호 대,45,사용함,자체제작,밥용기 국 반찬용기 떡 일식 양식 용기 중식 한식(분식) 소스,용기,64070,정상,30,,,,,,
1010,패커스,과세,19,49500,"105파이 다용도컵 세트 5호 중 300ml 백색 PS 1,000개 1set(2박스)",105파이 다용도컵 세트 5호 중,44,사용함,자체제작,밥용기 국 반찬용기 떡 일식 양식 용기 중식 한식(분식) 소스,용기,61470,정상,44,,,,,,
1011,패커스,과세,4,46200,"95파이 다용도컵 세트 4호 대 270ml 백색 PS 1,000개 1set(2박스)",95파이 다용도컵 세트 4호,43,사용함,자체제작,밥용기 국 반찬용기 떡 일식 양식 용기 중식 한식(분식) 소스,용기,63620,정상,34,,,,,,
1012,패커스,과세,23,44000,"95파이 다용도컵 세트 4호 소 200ml 백색 PS 1,000개 1set(2박스)",95파이 다용도컵 세트 4호,42,사용함,자체제작,밥용기 국 반찬용기 떡 일식 양식 용기 중식 한식(분식) 소스,용기,60720,정상,30,,,,,,
1013,패커스,과세,1,89100,"75파이 다용도컵 세트 3호 대 165ml 백색 PS 3,000개 1set(2박스)",75파이 다용도컵 세트 3호,41,사용함,자체제작,밥용기 국 반찬용기 떡 일식 양식 용기 중식 한식(분식) 소스,용기,110570,정상,18,,,,,,
1014,패커스,과세,4,85800,"75파이 다용도컵 세트 3호 소 150ml 백색 PS 3,000개 1set(2박스)",75파이 다용도컵 세트 3호,40,사용함,자체제작,밥용기 국 반찬용기 떡 일식 양식 용기 중식 한식(분식) 소스,용기,106620,정상,2,,,,,,
1015,패커스,과세,6,49500,"70파이 다용도컵 세트 2호 대 80ml 백색 PS 3,000개 1set(2박스)",70파이 다용도컵 세트 2호,39,사용함,자체제작,밥용기 국 반찬용기 떡 일식 양식 용기 중식 한식(분식) 소스,용기,65470,정상,11,,,,,,
1016,패커스,과세,17,42900,"70파이 다용도컵 세트 1호 소 70ml 백색 PS 3,000개 1set(2박스)",70파이 다용도컵 세트 1호,38,사용함,자체제작,밥용기 국 반찬용기 떡 일식 양식 용기 중식 한식(분식) 소스,용기,55870,정상,39,,,,,,
